user_id,signup_date,activity_date
1,2024-06-11,2024-06-12
1,2024-06-11,2024-07-21
1,2024-06-11,2024-08-20
1,2024-06-11,2024-09-18
2,2024-05-11,2024-06-01
2,2024-05-11,2024-07-04
2,2024-05-11,2024-08-06
2,2024-05-11,2024-08-30
2,2024-05-11,2024-10-08
3,2024-03-28,2024-04-08
3,2024-03-28,2024-05-09
3,2024-03-28,2024-06-10
3,2024-03-28,2024-07-18
4,2024-05-25,2024-06-01
4,2024-05-25,2024-06-30
4,2024-05-25,2024-07-29
4,2024-05-25,2024-09-18
4,2024-05-25,2024-10-14
5,2024-05-25,2024-06-06
5,2024-05-25,2024-07-05
6,2024-05-09,2024-05-13
6,2024-05-09,2024-07-06
7,2024-04-10,2024-04-25
7,2024-04-10,2024-06-02
7,2024-04-10,2024-07-02
7,2024-04-10,2024-08-02
8,2024-05-03,2024-05-09
8,2024-05-03,2024-06-08
8,2024-05-03,2024-07-08
8,2024-05-03,2024-08-26
9,2024-01-05,2024-01-10
9,2024-01-05,2024-02-29
9,2024-01-05,2024-03-05
9,2024-01-05,2024-04-19
9,2024-01-05,2024-05-06
9,2024-01-05,2024-06-14
10,2024-03-23,2024-04-14
10,2024-03-23,2024-04-24
11,2024-05-19,2024-06-04
11,2024-05-19,2024-06-21
11,2024-05-19,2024-08-12
12,2024-05-03,2024-05-03
12,2024-05-03,2024-06-07
13,2024-04-25,2024-05-16
13,2024-04-25,2024-06-03
13,2024-04-25,2024-06-26
13,2024-04-25,2024-08-12
13,2024-04-25,2024-08-27
14,2024-05-23,2024-06-01
14,2024-05-23,2024-07-02
14,2024-05-23,2024-07-27
15,2024-03-14,2024-03-15
15,2024-03-14,2024-04-14
15,2024-03-14,2024-06-06
16,2024-01-19,2024-01-30
16,2024-01-19,2024-03-16
17,2024-04-29,2024-05-19
18,2024-05-15,2024-05-25
18,2024-05-15,2024-06-23
19,2024-06-02,2024-06-27
19,2024-06-02,2024-07-06
19,2024-06-02,2024-08-11
20,2024-06-12,2024-06-14
21,2024-01-29,2024-02-05
21,2024-01-29,2024-03-05
21,2024-01-29,2024-04-02
21,2024-01-29,2024-05-06
21,2024-01-29,2024-06-04
21,2024-01-29,2024-07-25
22,2024-05-08,2024-05-25
22,2024-05-08,2024-06-26
22,2024-05-08,2024-07-20
23,2024-01-13,2024-02-08
24,2024-02-03,2024-02-17
25,2024-05-09,2024-05-22
25,2024-05-09,2024-06-28
25,2024-05-09,2024-07-31
25,2024-05-09,2024-08-23
25,2024-05-09,2024-09-26
25,2024-05-09,2024-11-04
26,2024-03-01,2024-03-25
26,2024-03-01,2024-04-23
26,2024-03-01,2024-05-07
26,2024-03-01,2024-06-23
26,2024-03-01,2024-07-12
27,2024-02-25,2024-03-19
27,2024-02-25,2024-04-19
27,2024-02-25,2024-05-15
27,2024-02-25,2024-06-08
28,2024-03-11,2024-03-14
29,2024-04-07,2024-04-24
29,2024-04-07,2024-05-26
29,2024-04-07,2024-06-10
29,2024-04-07,2024-07-17
30,2024-05-14,2024-06-01
31,2024-02-16,2024-03-14
31,2024-02-16,2024-03-17
31,2024-02-16,2024-05-08
32,2024-03-06,2024-03-23
32,2024-03-06,2024-04-20
32,2024-03-06,2024-05-15
32,2024-03-06,2024-06-22
32,2024-03-06,2024-07-22
33,2024-04-28,2024-05-16
33,2024-04-28,2024-06-22
33,2024-04-28,2024-07-23
33,2024-04-28,2024-08-22
33,2024-04-28,2024-09-03
34,2024-06-24,2024-06-25
34,2024-06-24,2024-07-27
35,2024-03-15,2024-03-31
35,2024-03-15,2024-05-05
35,2024-03-15,2024-06-07
36,2024-06-12,2024-06-20
37,2024-01-28,2024-01-28
37,2024-01-28,2024-03-22
37,2024-01-28,2024-04-07
37,2024-01-28,2024-05-15
38,2024-02-03,2024-02-03
38,2024-02-03,2024-03-17
39,2024-01-04,2024-01-12
39,2024-01-04,2024-02-18
40,2024-05-12,2024-06-06
40,2024-05-12,2024-07-06
40,2024-05-12,2024-07-19
40,2024-05-12,2024-09-04
41,2024-03-06,2024-03-09
41,2024-03-06,2024-04-26
41,2024-03-06,2024-06-02
41,2024-03-06,2024-06-12
42,2024-01-11,2024-01-31
42,2024-01-11,2024-02-16
42,2024-01-11,2024-04-06
42,2024-01-11,2024-04-14
43,2024-02-11,2024-02-19
43,2024-02-11,2024-03-11
43,2024-02-11,2024-04-20
43,2024-02-11,2024-05-31
43,2024-02-11,2024-06-21
44,2024-02-26,2024-03-17
44,2024-02-26,2024-04-13
44,2024-02-26,2024-05-23
44,2024-02-26,2024-06-06
45,2024-06-22,2024-06-25
45,2024-06-22,2024-08-11
45,2024-06-22,2024-08-26
45,2024-06-22,2024-09-25
45,2024-06-22,2024-11-17
45,2024-06-22,2024-12-10
46,2024-01-08,2024-01-15
46,2024-01-08,2024-02-27
46,2024-01-08,2024-04-02
46,2024-01-08,2024-04-28
46,2024-01-08,2024-05-27
47,2024-05-13,2024-05-29
47,2024-05-13,2024-06-26
47,2024-05-13,2024-07-24
47,2024-05-13,2024-08-15
48,2024-06-19,2024-07-09
48,2024-06-19,2024-07-26
48,2024-06-19,2024-08-30
48,2024-06-19,2024-09-25
49,2024-04-30,2024-05-24
49,2024-04-30,2024-06-05
49,2024-04-30,2024-07-25
49,2024-04-30,2024-08-17
49,2024-04-30,2024-09-02
50,2024-05-08,2024-05-29
51,2024-04-20,2024-04-20
51,2024-04-20,2024-06-04
51,2024-04-20,2024-07-11
51,2024-04-20,2024-08-15
51,2024-04-20,2024-09-08
51,2024-04-20,2024-10-14
52,2024-01-28,2024-01-29
53,2024-05-29,2024-06-08
53,2024-05-29,2024-07-06
53,2024-05-29,2024-08-04
53,2024-05-29,2024-08-30
53,2024-05-29,2024-10-19
54,2024-04-17,2024-04-24
54,2024-04-17,2024-05-28
54,2024-04-17,2024-07-01
54,2024-04-17,2024-08-05
54,2024-04-17,2024-08-20
54,2024-04-17,2024-10-09
55,2024-06-13,2024-07-04
55,2024-06-13,2024-08-02
56,2024-02-15,2024-02-22
56,2024-02-15,2024-03-29
56,2024-02-15,2024-05-12
56,2024-02-15,2024-05-29
56,2024-02-15,2024-06-22
57,2024-04-06,2024-04-18
57,2024-04-06,2024-05-11
57,2024-04-06,2024-06-13
58,2024-03-27,2024-04-09
58,2024-03-27,2024-05-12
58,2024-03-27,2024-06-23
58,2024-03-27,2024-07-03
58,2024-03-27,2024-08-05
59,2024-02-04,2024-02-04
60,2024-03-16,2024-04-07
60,2024-03-16,2024-04-22
60,2024-03-16,2024-05-16
60,2024-03-16,2024-06-29
60,2024-03-16,2024-08-02
61,2024-04-04,2024-04-27
61,2024-04-04,2024-05-06
61,2024-04-04,2024-06-24
61,2024-04-04,2024-07-14
61,2024-04-04,2024-08-17
62,2024-03-26,2024-04-16
63,2024-06-16,2024-07-02
63,2024-06-16,2024-08-06
63,2024-06-16,2024-09-09
63,2024-06-16,2024-09-30
63,2024-06-16,2024-11-03
64,2024-03-08,2024-03-27
64,2024-03-08,2024-04-10
64,2024-03-08,2024-06-02
64,2024-03-08,2024-06-09
65,2024-04-17,2024-04-27
66,2024-01-09,2024-02-04
67,2024-04-15,2024-05-05
67,2024-04-15,2024-06-09
67,2024-04-15,2024-06-20
67,2024-04-15,2024-07-17
67,2024-04-15,2024-08-19
67,2024-04-15,2024-10-06
68,2024-01-24,2024-02-01
68,2024-01-24,2024-03-21
68,2024-01-24,2024-04-07
68,2024-01-24,2024-04-28
68,2024-01-24,2024-06-07
69,2024-04-29,2024-05-22
70,2024-02-12,2024-03-05
70,2024-02-12,2024-04-05
71,2024-03-15,2024-03-16
71,2024-03-15,2024-04-23
71,2024-03-15,2024-05-31
71,2024-03-15,2024-06-25
71,2024-03-15,2024-07-15
72,2024-03-16,2024-04-01
72,2024-03-16,2024-04-16
72,2024-03-16,2024-05-21
72,2024-03-16,2024-06-17
73,2024-01-28,2024-02-18
73,2024-01-28,2024-03-16
73,2024-01-28,2024-04-09
74,2024-05-14,2024-05-23
74,2024-05-14,2024-07-08
74,2024-05-14,2024-07-15
75,2024-02-02,2024-02-13
75,2024-02-02,2024-03-16
76,2024-03-31,2024-04-27
76,2024-03-31,2024-05-25
77,2024-04-08,2024-04-25
77,2024-04-08,2024-05-10
77,2024-04-08,2024-06-12
77,2024-04-08,2024-07-13
77,2024-04-08,2024-08-22
78,2024-04-06,2024-04-20
78,2024-04-06,2024-05-17
78,2024-04-06,2024-06-11
78,2024-04-06,2024-07-12
78,2024-04-06,2024-08-10
78,2024-04-06,2024-10-03
79,2024-04-16,2024-05-01
79,2024-04-16,2024-05-26
80,2024-01-25,2024-01-28
80,2024-01-25,2024-03-07
80,2024-01-25,2024-04-11
80,2024-01-25,2024-05-11
80,2024-01-25,2024-06-12
81,2024-02-14,2024-02-22
81,2024-02-14,2024-03-31
81,2024-02-14,2024-05-05
81,2024-02-14,2024-05-15
81,2024-02-14,2024-07-02
82,2024-04-05,2024-04-25
82,2024-04-05,2024-05-12
82,2024-04-05,2024-06-07
82,2024-04-05,2024-07-28
83,2024-05-20,2024-06-11
83,2024-05-20,2024-06-27
84,2024-05-29,2024-06-17
84,2024-05-29,2024-07-25
85,2024-06-19,2024-06-20
85,2024-06-19,2024-08-07
85,2024-06-19,2024-08-29
85,2024-06-19,2024-10-14
85,2024-06-19,2024-10-22
85,2024-06-19,2024-12-13
86,2024-02-05,2024-02-19
86,2024-02-05,2024-03-26
87,2024-02-06,2024-03-01
87,2024-02-06,2024-03-26
87,2024-02-06,2024-04-21
88,2024-04-27,2024-04-29
88,2024-04-27,2024-06-02
88,2024-04-27,2024-07-22
89,2024-06-15,2024-06-19
89,2024-06-15,2024-07-31
89,2024-06-15,2024-09-03
89,2024-06-15,2024-10-03
89,2024-06-15,2024-10-19
89,2024-06-15,2024-11-30
90,2024-06-29,2024-07-26
90,2024-06-29,2024-08-03
90,2024-06-29,2024-09-08
90,2024-06-29,2024-10-04
91,2024-06-29,2024-06-30
91,2024-06-29,2024-08-04
92,2024-02-13,2024-02-19
92,2024-02-13,2024-03-25
92,2024-02-13,2024-04-26
92,2024-02-13,2024-06-04
92,2024-02-13,2024-06-19
92,2024-02-13,2024-07-23
93,2024-02-20,2024-03-06
93,2024-02-20,2024-03-28
93,2024-02-20,2024-05-02
94,2024-06-22,2024-06-24
94,2024-06-22,2024-08-05
94,2024-06-22,2024-09-18
95,2024-06-09,2024-06-24
96,2024-05-31,2024-06-23
96,2024-05-31,2024-07-08
96,2024-05-31,2024-08-11
96,2024-05-31,2024-09-05
97,2024-02-08,2024-02-09
97,2024-02-08,2024-03-14
97,2024-02-08,2024-05-03
97,2024-02-08,2024-05-25
98,2024-04-02,2024-04-22
98,2024-04-02,2024-05-19
98,2024-04-02,2024-06-28
99,2024-06-20,2024-07-10
99,2024-06-20,2024-08-08
99,2024-06-20,2024-09-11
99,2024-06-20,2024-09-23
99,2024-06-20,2024-10-20
99,2024-06-20,2024-12-15
100,2024-03-21,2024-04-11
100,2024-03-21,2024-04-28
101,2024-05-21,2024-05-25
101,2024-05-21,2024-07-02
102,2024-03-30,2024-04-06
103,2024-06-17,2024-07-01
103,2024-06-17,2024-07-23
103,2024-06-17,2024-09-02
103,2024-06-17,2024-09-28
104,2024-02-07,2024-02-25
105,2024-06-19,2024-06-20
106,2024-01-13,2024-01-25
106,2024-01-13,2024-02-20
107,2024-01-22,2024-01-28
107,2024-01-22,2024-03-08
107,2024-01-22,2024-04-02
107,2024-01-22,2024-05-19
107,2024-01-22,2024-06-09
107,2024-01-22,2024-07-18
108,2024-04-26,2024-05-04
108,2024-04-26,2024-06-17
109,2024-05-28,2024-06-05
109,2024-05-28,2024-07-04
109,2024-05-28,2024-08-01
109,2024-05-28,2024-09-06
109,2024-05-28,2024-10-15
109,2024-05-28,2024-11-03
110,2024-05-23,2024-06-18
110,2024-05-23,2024-07-04
110,2024-05-23,2024-07-29
110,2024-05-23,2024-09-02
110,2024-05-23,2024-10-16
111,2024-05-30,2024-06-03
111,2024-05-30,2024-07-14
111,2024-05-30,2024-08-09
111,2024-05-30,2024-09-05
111,2024-05-30,2024-10-15
112,2024-01-29,2024-02-23
112,2024-01-29,2024-03-09
112,2024-01-29,2024-04-14
112,2024-01-29,2024-05-23
113,2024-01-21,2024-02-09
113,2024-01-21,2024-03-10
113,2024-01-21,2024-04-15
114,2024-02-11,2024-03-05
114,2024-02-11,2024-03-29
114,2024-02-11,2024-04-21
114,2024-02-11,2024-05-31
114,2024-02-11,2024-06-24
115,2024-01-09,2024-01-11
115,2024-01-09,2024-02-24
116,2024-02-29,2024-03-20
117,2024-02-09,2024-02-10
117,2024-02-09,2024-03-22
117,2024-02-09,2024-04-27
117,2024-02-09,2024-05-14
117,2024-02-09,2024-06-30
117,2024-02-09,2024-07-14
118,2024-04-26,2024-05-03
118,2024-04-26,2024-06-08
118,2024-04-26,2024-06-29
119,2024-01-10,2024-01-20
119,2024-01-10,2024-02-26
119,2024-01-10,2024-03-21
119,2024-01-10,2024-04-13
119,2024-01-10,2024-05-21
119,2024-01-10,2024-07-03
120,2024-04-07,2024-04-21
120,2024-04-07,2024-05-16
120,2024-04-07,2024-06-11
121,2024-05-28,2024-05-28
121,2024-05-28,2024-07-09
121,2024-05-28,2024-08-23
121,2024-05-28,2024-09-02
122,2024-01-28,2024-01-31
122,2024-01-28,2024-03-02
122,2024-01-28,2024-04-07
122,2024-01-28,2024-05-25
122,2024-01-28,2024-06-05
122,2024-01-28,2024-07-21
123,2024-01-07,2024-01-16
123,2024-01-07,2024-02-10
124,2024-05-18,2024-06-02
124,2024-05-18,2024-06-19
124,2024-05-18,2024-08-03
124,2024-05-18,2024-09-06
125,2024-02-27,2024-02-28
125,2024-02-27,2024-03-29
126,2024-04-30,2024-05-16
126,2024-04-30,2024-06-22
126,2024-04-30,2024-07-12
126,2024-04-30,2024-08-08
126,2024-04-30,2024-09-21
126,2024-04-30,2024-10-15
127,2024-04-28,2024-05-23
127,2024-04-28,2024-05-28
127,2024-04-28,2024-07-17
127,2024-04-28,2024-08-20
127,2024-04-28,2024-09-20
127,2024-04-28,2024-10-08
128,2024-05-09,2024-05-24
128,2024-05-09,2024-06-24
128,2024-05-09,2024-08-04
128,2024-05-09,2024-08-23
128,2024-05-09,2024-09-18
129,2024-02-22,2024-02-27
129,2024-02-22,2024-03-30
129,2024-02-22,2024-05-04
129,2024-02-22,2024-06-06
130,2024-03-08,2024-03-20
130,2024-03-08,2024-04-17
131,2024-01-09,2024-01-13
132,2024-04-03,2024-04-14
132,2024-04-03,2024-05-19
132,2024-04-03,2024-06-21
133,2024-01-18,2024-01-21
133,2024-01-18,2024-02-23
133,2024-01-18,2024-04-06
133,2024-01-18,2024-04-20
133,2024-01-18,2024-05-21
133,2024-01-18,2024-06-29
134,2024-02-28,2024-03-22
134,2024-02-28,2024-04-11
134,2024-02-28,2024-05-06
135,2024-05-28,2024-06-15
135,2024-05-28,2024-07-12
135,2024-05-28,2024-08-08
136,2024-04-08,2024-04-19
137,2024-01-31,2024-02-24
137,2024-01-31,2024-03-21
137,2024-01-31,2024-04-20
137,2024-01-31,2024-05-21
137,2024-01-31,2024-06-15
138,2024-03-24,2024-04-17
138,2024-03-24,2024-05-14
138,2024-03-24,2024-05-30
138,2024-03-24,2024-06-29
139,2024-03-07,2024-03-28
139,2024-03-07,2024-04-21
139,2024-03-07,2024-05-19
139,2024-03-07,2024-06-16
140,2024-03-22,2024-04-03
140,2024-03-22,2024-05-17
140,2024-03-22,2024-05-30
140,2024-03-22,2024-07-19
140,2024-03-22,2024-07-27
141,2024-02-19,2024-03-12
141,2024-02-19,2024-03-30
141,2024-02-19,2024-05-01
141,2024-02-19,2024-05-29
142,2024-06-08,2024-06-21
142,2024-06-08,2024-07-21
143,2024-03-03,2024-03-25
143,2024-03-03,2024-04-04
143,2024-03-03,2024-05-15
144,2024-03-24,2024-03-25
144,2024-03-24,2024-04-25
144,2024-03-24,2024-05-31
144,2024-03-24,2024-07-06
145,2024-06-30,2024-07-21
145,2024-06-30,2024-07-30
145,2024-06-30,2024-09-08
145,2024-06-30,2024-10-22
145,2024-06-30,2024-11-25
145,2024-06-30,2024-11-30
146,2024-05-03,2024-05-17
146,2024-05-03,2024-06-03
146,2024-05-03,2024-07-23
146,2024-05-03,2024-08-24
146,2024-05-03,2024-09-24
147,2024-04-06,2024-04-16
148,2024-02-08,2024-02-11
148,2024-02-08,2024-03-22
148,2024-02-08,2024-04-30
148,2024-02-08,2024-05-19
148,2024-02-08,2024-06-14
148,2024-02-08,2024-07-26
149,2024-06-05,2024-07-01
149,2024-06-05,2024-07-24
149,2024-06-05,2024-08-12
149,2024-06-05,2024-09-23
149,2024-06-05,2024-10-05
149,2024-06-05,2024-11-14
150,2024-06-05,2024-06-14
150,2024-06-05,2024-07-31
150,2024-06-05,2024-08-11
150,2024-06-05,2024-09-26
151,2024-01-03,2024-01-17
151,2024-01-03,2024-02-14
151,2024-01-03,2024-03-28
152,2024-03-26,2024-04-16
152,2024-03-26,2024-05-20
152,2024-03-26,2024-06-18
152,2024-03-26,2024-07-13
152,2024-03-26,2024-08-04
153,2024-05-02,2024-05-13
153,2024-05-02,2024-06-04
153,2024-05-02,2024-07-16
153,2024-05-02,2024-08-11
153,2024-05-02,2024-09-21
153,2024-05-02,2024-10-10
154,2024-03-03,2024-03-14
154,2024-03-03,2024-04-06
155,2024-05-03,2024-05-13
155,2024-05-03,2024-06-29
156,2024-04-20,2024-05-03
156,2024-04-20,2024-05-24
157,2024-06-08,2024-06-19
157,2024-06-08,2024-07-16
157,2024-06-08,2024-08-19
157,2024-06-08,2024-09-10
157,2024-06-08,2024-10-11
157,2024-06-08,2024-11-08
158,2024-05-24,2024-05-25
158,2024-05-24,2024-07-20
158,2024-05-24,2024-08-15
158,2024-05-24,2024-09-09
159,2024-01-08,2024-01-29
159,2024-01-08,2024-02-28
159,2024-01-08,2024-04-01
159,2024-01-08,2024-04-09
160,2024-01-17,2024-01-21
160,2024-01-17,2024-03-04
160,2024-01-17,2024-03-21
160,2024-01-17,2024-05-12
160,2024-01-17,2024-06-13
160,2024-01-17,2024-06-22
161,2024-03-12,2024-03-21
161,2024-03-12,2024-04-21
162,2024-03-15,2024-03-30
162,2024-03-15,2024-04-17
162,2024-03-15,2024-05-24
162,2024-03-15,2024-06-21
162,2024-03-15,2024-07-31
163,2024-01-02,2024-01-27
163,2024-01-02,2024-02-02
163,2024-01-02,2024-03-29
164,2024-01-21,2024-02-02
164,2024-01-21,2024-02-27
164,2024-01-21,2024-04-03
164,2024-01-21,2024-05-07
165,2024-05-03,2024-05-24
165,2024-05-03,2024-06-21
165,2024-05-03,2024-07-10
165,2024-05-03,2024-08-28
165,2024-05-03,2024-09-06
166,2024-05-30,2024-06-01
166,2024-05-30,2024-07-25
167,2024-04-30,2024-05-21
167,2024-04-30,2024-06-01
167,2024-04-30,2024-07-23
167,2024-04-30,2024-08-01
168,2024-04-22,2024-05-06
169,2024-02-08,2024-03-03
169,2024-02-08,2024-03-31
169,2024-02-08,2024-04-26
169,2024-02-08,2024-06-03
169,2024-02-08,2024-06-12
169,2024-02-08,2024-07-22
170,2024-06-22,2024-06-25
170,2024-06-22,2024-08-02
170,2024-06-22,2024-09-10
171,2024-06-24,2024-07-15
171,2024-06-24,2024-08-10
172,2024-02-26,2024-03-14
172,2024-02-26,2024-03-30
172,2024-02-26,2024-05-13
172,2024-02-26,2024-06-05
172,2024-02-26,2024-07-13
172,2024-02-26,2024-07-27
173,2024-02-23,2024-03-15
173,2024-02-23,2024-04-17
173,2024-02-23,2024-05-03
173,2024-02-23,2024-05-25
173,2024-02-23,2024-07-20
173,2024-02-23,2024-08-14
174,2024-01-09,2024-01-28
175,2024-03-10,2024-03-12
175,2024-03-10,2024-04-29
176,2024-05-13,2024-05-19
176,2024-05-13,2024-07-03
176,2024-05-13,2024-08-05
177,2024-04-11,2024-04-18
177,2024-04-11,2024-06-02
178,2024-04-20,2024-05-13
178,2024-04-20,2024-06-03
178,2024-04-20,2024-07-05
179,2024-02-19,2024-03-07
179,2024-02-19,2024-03-30
179,2024-02-19,2024-05-14
180,2024-02-26,2024-03-11
180,2024-02-26,2024-03-31
180,2024-02-26,2024-05-12
181,2024-06-08,2024-06-12
181,2024-06-08,2024-07-09
182,2024-06-16,2024-07-05
182,2024-06-16,2024-07-27
182,2024-06-16,2024-08-28
183,2024-02-19,2024-03-04
183,2024-02-19,2024-04-07
183,2024-02-19,2024-05-03
184,2024-04-01,2024-04-07
185,2024-04-02,2024-04-03
185,2024-04-02,2024-05-27
185,2024-04-02,2024-06-20
185,2024-04-02,2024-07-20
185,2024-04-02,2024-08-25
185,2024-04-02,2024-09-02
186,2024-02-20,2024-02-20
186,2024-02-20,2024-04-04
187,2024-01-02,2024-01-11
187,2024-01-02,2024-02-20
187,2024-01-02,2024-03-07
188,2024-03-07,2024-03-28
188,2024-03-07,2024-04-19
188,2024-03-07,2024-05-13
189,2024-01-12,2024-01-12
189,2024-01-12,2024-02-23
189,2024-01-12,2024-04-08
189,2024-01-12,2024-04-14
190,2024-06-27,2024-07-03
190,2024-06-27,2024-08-14
190,2024-06-27,2024-09-01
190,2024-06-27,2024-10-14
191,2024-06-10,2024-06-29
191,2024-06-10,2024-07-27
191,2024-06-10,2024-08-25
191,2024-06-10,2024-09-18
191,2024-06-10,2024-11-02
192,2024-02-05,2024-03-03
192,2024-02-05,2024-03-15
192,2024-02-05,2024-04-25
192,2024-02-05,2024-05-19
193,2024-05-02,2024-05-02
193,2024-05-02,2024-06-22
193,2024-05-02,2024-07-21
193,2024-05-02,2024-08-20
194,2024-01-19,2024-02-08
194,2024-01-19,2024-03-13
194,2024-01-19,2024-04-08
195,2024-05-10,2024-05-10
195,2024-05-10,2024-07-02
195,2024-05-10,2024-08-06
195,2024-05-10,2024-08-10
195,2024-05-10,2024-10-03
196,2024-02-11,2024-02-17
196,2024-02-11,2024-03-20
196,2024-02-11,2024-04-14
197,2024-03-14,2024-03-28
197,2024-03-14,2024-05-04
197,2024-03-14,2024-05-21
198,2024-06-09,2024-06-28
198,2024-06-09,2024-07-31
198,2024-06-09,2024-08-30
199,2024-05-17,2024-06-02
199,2024-05-17,2024-06-19
199,2024-05-17,2024-07-23
199,2024-05-17,2024-08-21
199,2024-05-17,2024-10-13
200,2024-01-22,2024-02-09
200,2024-01-22,2024-03-19
201,2024-02-04,2024-02-08
201,2024-02-04,2024-03-17
201,2024-02-04,2024-04-26
201,2024-02-04,2024-05-20
201,2024-02-04,2024-06-28
201,2024-02-04,2024-07-22
202,2024-02-03,2024-02-25
202,2024-02-03,2024-03-11
202,2024-02-03,2024-04-23
202,2024-02-03,2024-05-04
202,2024-02-03,2024-06-17
203,2024-04-09,2024-04-12
203,2024-04-09,2024-05-11
203,2024-04-09,2024-06-19
203,2024-04-09,2024-07-11
203,2024-04-09,2024-09-04
203,2024-04-09,2024-09-11
204,2024-03-28,2024-04-24
204,2024-03-28,2024-05-03
204,2024-03-28,2024-05-30
205,2024-06-25,2024-06-29
205,2024-06-25,2024-08-11
206,2024-02-04,2024-02-24
207,2024-04-13,2024-04-29
207,2024-04-13,2024-05-17
207,2024-04-13,2024-06-13
207,2024-04-13,2024-07-15
208,2024-01-06,2024-01-31
208,2024-01-06,2024-02-21
208,2024-01-06,2024-03-16
208,2024-01-06,2024-04-29
208,2024-01-06,2024-05-26
209,2024-03-09,2024-03-16
209,2024-03-09,2024-04-22
209,2024-03-09,2024-05-14
209,2024-03-09,2024-07-06
209,2024-03-09,2024-07-13
210,2024-03-10,2024-04-04
210,2024-03-10,2024-04-12
210,2024-03-10,2024-06-04
210,2024-03-10,2024-07-07
211,2024-01-27,2024-02-14
211,2024-01-27,2024-03-20
211,2024-01-27,2024-04-20
211,2024-01-27,2024-05-14
212,2024-01-03,2024-01-09
212,2024-01-03,2024-02-26
213,2024-02-03,2024-02-21
213,2024-02-03,2024-03-07
213,2024-02-03,2024-04-25
214,2024-04-03,2024-04-15
214,2024-04-03,2024-05-19
215,2024-06-13,2024-06-29
215,2024-06-13,2024-08-03
215,2024-06-13,2024-08-27
215,2024-06-13,2024-09-28
215,2024-06-13,2024-10-14
216,2024-03-19,2024-04-15
217,2024-03-16,2024-03-18
217,2024-03-16,2024-05-08
218,2024-05-09,2024-05-28
218,2024-05-09,2024-06-17
218,2024-05-09,2024-07-10
218,2024-05-09,2024-08-31
218,2024-05-09,2024-09-25
219,2024-02-23,2024-03-12
219,2024-02-23,2024-04-02
219,2024-02-23,2024-05-11
220,2024-02-05,2024-02-21
220,2024-02-05,2024-03-27
220,2024-02-05,2024-04-05
220,2024-02-05,2024-05-23
221,2024-03-27,2024-04-10
221,2024-03-27,2024-04-27
221,2024-03-27,2024-06-05
221,2024-03-27,2024-07-18
222,2024-03-03,2024-03-06
223,2024-01-03,2024-01-17
223,2024-01-03,2024-02-27
223,2024-01-03,2024-03-08
224,2024-01-21,2024-01-22
224,2024-01-21,2024-03-09
224,2024-01-21,2024-03-29
224,2024-01-21,2024-05-03
224,2024-01-21,2024-06-11
224,2024-01-21,2024-06-22
225,2024-06-23,2024-06-29
226,2024-06-20,2024-07-17
226,2024-06-20,2024-07-24
226,2024-06-20,2024-09-08
227,2024-06-10,2024-07-01
227,2024-06-10,2024-07-26
227,2024-06-10,2024-08-12
227,2024-06-10,2024-09-21
228,2024-04-12,2024-05-01
228,2024-04-12,2024-05-31
228,2024-04-12,2024-06-19
228,2024-04-12,2024-07-16
229,2024-04-29,2024-05-25
229,2024-04-29,2024-06-13
229,2024-04-29,2024-07-24
230,2024-04-04,2024-04-23
230,2024-04-04,2024-05-13
230,2024-04-04,2024-06-11
231,2024-03-04,2024-03-16
231,2024-03-04,2024-04-18
231,2024-03-04,2024-05-06
231,2024-03-04,2024-06-11
232,2024-06-17,2024-06-17
232,2024-06-17,2024-07-27
233,2024-03-14,2024-04-02
234,2024-01-10,2024-01-15
235,2024-06-25,2024-07-09
236,2024-04-02,2024-04-14
237,2024-01-29,2024-02-17
238,2024-01-22,2024-02-02
239,2024-05-08,2024-06-02
239,2024-05-08,2024-06-17
239,2024-05-08,2024-08-01
239,2024-05-08,2024-08-22
239,2024-05-08,2024-09-11
239,2024-05-08,2024-10-28
240,2024-02-15,2024-03-01
240,2024-02-15,2024-03-17
240,2024-02-15,2024-05-04
240,2024-02-15,2024-05-27
241,2024-01-12,2024-01-16
241,2024-01-12,2024-03-06
241,2024-01-12,2024-03-19
241,2024-01-12,2024-04-28
242,2024-04-09,2024-04-29
243,2024-03-04,2024-03-15
243,2024-03-04,2024-04-16
243,2024-03-04,2024-05-10
244,2024-04-19,2024-04-30
244,2024-04-19,2024-05-28
245,2024-01-13,2024-02-02
246,2024-02-11,2024-02-11
246,2024-02-11,2024-03-31
246,2024-02-11,2024-04-20
246,2024-02-11,2024-05-26
247,2024-05-31,2024-06-18
247,2024-05-31,2024-07-11
247,2024-05-31,2024-08-06
248,2024-04-23,2024-04-27
248,2024-04-23,2024-06-19
248,2024-04-23,2024-07-10
248,2024-04-23,2024-08-11
248,2024-04-23,2024-09-04
248,2024-04-23,2024-09-24
249,2024-02-26,2024-03-18
249,2024-02-26,2024-04-15
249,2024-02-26,2024-05-15
250,2024-05-21,2024-06-04
250,2024-05-21,2024-07-14
251,2024-05-18,2024-06-08
251,2024-05-18,2024-07-07
252,2024-04-27,2024-05-08
252,2024-04-27,2024-06-06
252,2024-04-27,2024-07-17
252,2024-04-27,2024-08-20
252,2024-04-27,2024-09-18
253,2024-04-19,2024-04-25
253,2024-04-19,2024-06-10
253,2024-04-19,2024-06-24
253,2024-04-19,2024-08-09
253,2024-04-19,2024-08-25
253,2024-04-19,2024-10-12
254,2024-03-10,2024-03-21
254,2024-03-10,2024-04-23
254,2024-03-10,2024-05-25
254,2024-03-10,2024-07-03
254,2024-03-10,2024-07-27
255,2024-05-17,2024-06-11
256,2024-01-12,2024-01-17
256,2024-01-12,2024-02-19
256,2024-01-12,2024-03-28
256,2024-01-12,2024-04-20
256,2024-01-12,2024-05-29
257,2024-04-17,2024-05-10
258,2024-05-21,2024-06-14
259,2024-06-08,2024-07-04
259,2024-06-08,2024-07-29
260,2024-03-26,2024-04-09
260,2024-03-26,2024-04-27
260,2024-03-26,2024-05-30
260,2024-03-26,2024-06-29
260,2024-03-26,2024-07-28
261,2024-01-31,2024-02-08
261,2024-01-31,2024-03-04
261,2024-01-31,2024-04-13
261,2024-01-31,2024-05-08
262,2024-03-16,2024-04-11
263,2024-01-02,2024-01-22
263,2024-01-02,2024-02-10
264,2024-04-01,2024-04-03
264,2024-04-01,2024-05-02
265,2024-03-04,2024-03-30
265,2024-03-04,2024-04-26
265,2024-03-04,2024-05-14
266,2024-01-28,2024-02-05
266,2024-01-28,2024-03-01
267,2024-04-30,2024-05-16
267,2024-04-30,2024-06-07
268,2024-05-17,2024-06-03
268,2024-05-17,2024-06-24
268,2024-05-17,2024-08-03
269,2024-06-29,2024-07-10
269,2024-06-29,2024-07-31
269,2024-06-29,2024-09-24
269,2024-06-29,2024-09-30
269,2024-06-29,2024-11-03
270,2024-01-03,2024-01-23
270,2024-01-03,2024-02-29
270,2024-01-03,2024-03-29
270,2024-01-03,2024-04-23
271,2024-05-19,2024-06-15
272,2024-05-30,2024-06-01
272,2024-05-30,2024-07-27
272,2024-05-30,2024-07-31
272,2024-05-30,2024-09-20
272,2024-05-30,2024-10-12
273,2024-02-03,2024-02-24
273,2024-02-03,2024-03-04
273,2024-02-03,2024-04-13
273,2024-02-03,2024-05-17
273,2024-02-03,2024-06-12
274,2024-03-21,2024-03-24
275,2024-01-14,2024-01-19
275,2024-01-14,2024-02-19
275,2024-01-14,2024-03-22
275,2024-01-14,2024-05-03
275,2024-01-14,2024-06-07
275,2024-01-14,2024-06-28
276,2024-06-16,2024-07-12
276,2024-06-16,2024-07-25
276,2024-06-16,2024-08-29
276,2024-06-16,2024-09-28
276,2024-06-16,2024-11-10
277,2024-06-16,2024-06-30
277,2024-06-16,2024-07-20
277,2024-06-16,2024-09-09
277,2024-06-16,2024-10-09
277,2024-06-16,2024-10-27
277,2024-06-16,2024-12-13
278,2024-05-19,2024-06-01
278,2024-05-19,2024-06-19
278,2024-05-19,2024-07-25
278,2024-05-19,2024-08-28
278,2024-05-19,2024-09-27
279,2024-05-01,2024-05-16
279,2024-05-01,2024-06-18
279,2024-05-01,2024-07-10
279,2024-05-01,2024-08-12
279,2024-05-01,2024-09-25
279,2024-05-01,2024-10-20
280,2024-03-19,2024-03-21
280,2024-03-19,2024-05-08
280,2024-03-19,2024-05-30
280,2024-03-19,2024-07-13
280,2024-03-19,2024-07-22
281,2024-03-27,2024-03-30
281,2024-03-27,2024-05-12
281,2024-03-27,2024-06-20
281,2024-03-27,2024-07-01
281,2024-03-27,2024-07-29
282,2024-05-14,2024-06-10
282,2024-05-14,2024-06-24
282,2024-05-14,2024-08-01
282,2024-05-14,2024-08-22
282,2024-05-14,2024-09-14
283,2024-05-26,2024-06-17
283,2024-05-26,2024-07-11
283,2024-05-26,2024-08-02
283,2024-05-26,2024-09-18
284,2024-01-27,2024-01-27
284,2024-01-27,2024-03-10
284,2024-01-27,2024-03-28
284,2024-01-27,2024-05-23
285,2024-03-27,2024-04-17
285,2024-03-27,2024-05-15
285,2024-03-27,2024-06-22
285,2024-03-27,2024-06-28
285,2024-03-27,2024-08-23
286,2024-02-06,2024-02-11
286,2024-02-06,2024-03-13
286,2024-02-06,2024-04-12
286,2024-02-06,2024-05-09
287,2024-01-05,2024-01-08
287,2024-01-05,2024-02-20
287,2024-01-05,2024-03-19
288,2024-06-18,2024-07-15
288,2024-06-18,2024-07-20
288,2024-06-18,2024-09-03
288,2024-06-18,2024-10-12
288,2024-06-18,2024-10-27
288,2024-06-18,2024-11-18
289,2024-01-27,2024-01-28
290,2024-06-05,2024-06-15
290,2024-06-05,2024-07-05
290,2024-06-05,2024-08-25
291,2024-05-31,2024-06-07
291,2024-05-31,2024-07-01
291,2024-05-31,2024-08-06
292,2024-03-24,2024-04-16
292,2024-03-24,2024-05-04
292,2024-03-24,2024-06-02
293,2024-04-19,2024-04-21
293,2024-04-19,2024-05-24
293,2024-04-19,2024-07-06
294,2024-06-13,2024-07-06
294,2024-06-13,2024-07-30
294,2024-06-13,2024-08-24
295,2024-05-14,2024-05-29
295,2024-05-14,2024-06-14
296,2024-02-24,2024-02-27
296,2024-02-24,2024-04-15
296,2024-02-24,2024-05-04
296,2024-02-24,2024-06-14
296,2024-02-24,2024-07-05
297,2024-02-04,2024-02-15
297,2024-02-04,2024-03-31
297,2024-02-04,2024-04-25
297,2024-02-04,2024-05-05
297,2024-02-04,2024-06-19
297,2024-02-04,2024-07-18
298,2024-05-04,2024-05-27
298,2024-05-04,2024-06-07
299,2024-04-18,2024-05-07
300,2024-05-28,2024-06-09
301,2024-06-07,2024-07-03
301,2024-06-07,2024-07-22
301,2024-06-07,2024-08-16
301,2024-06-07,2024-09-30
301,2024-06-07,2024-10-19
302,2024-02-09,2024-02-20
303,2024-06-15,2024-06-15
303,2024-06-15,2024-08-07
303,2024-06-15,2024-09-09
303,2024-06-15,2024-10-04
303,2024-06-15,2024-11-01
304,2024-05-05,2024-05-28
304,2024-05-05,2024-06-25
304,2024-05-05,2024-07-19
304,2024-05-05,2024-08-29
304,2024-05-05,2024-09-10
304,2024-05-05,2024-10-11
305,2024-02-17,2024-03-03
305,2024-02-17,2024-04-01
305,2024-02-17,2024-04-22
305,2024-02-17,2024-05-29
305,2024-02-17,2024-07-02
306,2024-06-17,2024-07-09
307,2024-01-08,2024-01-25
307,2024-01-08,2024-02-18
307,2024-01-08,2024-03-19
307,2024-01-08,2024-04-24
307,2024-01-08,2024-05-17
308,2024-04-24,2024-05-05
308,2024-04-24,2024-06-13
308,2024-04-24,2024-07-16
308,2024-04-24,2024-07-25
308,2024-04-24,2024-09-10
308,2024-04-24,2024-10-09
309,2024-06-09,2024-07-04
309,2024-06-09,2024-07-24
309,2024-06-09,2024-08-27
310,2024-03-06,2024-03-30
310,2024-03-06,2024-04-29
310,2024-03-06,2024-05-07
310,2024-03-06,2024-06-13
310,2024-03-06,2024-07-19
311,2024-04-17,2024-04-23
311,2024-04-17,2024-06-03
311,2024-04-17,2024-07-05
311,2024-04-17,2024-08-08
312,2024-06-11,2024-06-29
312,2024-06-11,2024-07-27
312,2024-06-11,2024-08-12
312,2024-06-11,2024-09-22
312,2024-06-11,2024-11-05
312,2024-06-11,2024-11-30
313,2024-06-04,2024-06-28
313,2024-06-04,2024-07-09
313,2024-06-04,2024-08-06
314,2024-05-11,2024-05-17
314,2024-05-11,2024-07-01
315,2024-04-18,2024-05-04
315,2024-04-18,2024-06-03
315,2024-04-18,2024-07-12
315,2024-04-18,2024-07-29
316,2024-05-07,2024-05-27
316,2024-05-07,2024-06-10
317,2024-01-24,2024-02-01
317,2024-01-24,2024-03-02
317,2024-01-24,2024-04-20
317,2024-01-24,2024-05-15
318,2024-06-10,2024-06-11
318,2024-06-10,2024-07-28
319,2024-03-12,2024-04-04
319,2024-03-12,2024-04-16
319,2024-03-12,2024-06-07
319,2024-03-12,2024-07-06
320,2024-02-04,2024-02-26
320,2024-02-04,2024-03-04
320,2024-02-04,2024-05-01
321,2024-01-15,2024-02-11
321,2024-01-15,2024-03-06
322,2024-06-28,2024-07-10
323,2024-04-25,2024-05-15
323,2024-04-25,2024-05-26
323,2024-04-25,2024-06-27
323,2024-04-25,2024-08-08
324,2024-01-31,2024-02-18
324,2024-01-31,2024-03-15
325,2024-06-03,2024-06-07
325,2024-06-03,2024-07-09
326,2024-06-15,2024-07-10
327,2024-06-16,2024-06-18
327,2024-06-16,2024-08-01
328,2024-05-31,2024-06-05
328,2024-05-31,2024-07-14
328,2024-05-31,2024-08-20
328,2024-05-31,2024-09-10
328,2024-05-31,2024-10-27
328,2024-05-31,2024-11-04
329,2024-06-19,2024-06-29
329,2024-06-19,2024-08-15
330,2024-04-01,2024-04-19
330,2024-04-01,2024-05-22
330,2024-04-01,2024-06-18
330,2024-04-01,2024-07-13
330,2024-04-01,2024-08-11
331,2024-04-07,2024-04-09
331,2024-04-07,2024-05-07
331,2024-04-07,2024-06-22
331,2024-04-07,2024-07-29
332,2024-05-28,2024-06-06
332,2024-05-28,2024-07-07
332,2024-05-28,2024-08-12
332,2024-05-28,2024-09-02
332,2024-05-28,2024-10-03
333,2024-05-19,2024-05-26
334,2024-05-12,2024-05-13
334,2024-05-12,2024-06-14
334,2024-05-12,2024-07-16
334,2024-05-12,2024-08-23
335,2024-04-04,2024-04-26
335,2024-04-04,2024-05-17
335,2024-04-04,2024-06-11
335,2024-04-04,2024-07-05
336,2024-03-10,2024-04-06
337,2024-03-05,2024-03-17
337,2024-03-05,2024-04-14
338,2024-05-25,2024-06-01
338,2024-05-25,2024-07-13
338,2024-05-25,2024-08-13
338,2024-05-25,2024-08-25
338,2024-05-25,2024-10-12
338,2024-05-25,2024-11-11
339,2024-05-03,2024-05-23
339,2024-05-03,2024-06-14
339,2024-05-03,2024-07-20
339,2024-05-03,2024-08-26
339,2024-05-03,2024-09-19
339,2024-05-03,2024-10-17
340,2024-05-11,2024-05-16
340,2024-05-11,2024-06-23
340,2024-05-11,2024-08-07
341,2024-02-21,2024-03-19
341,2024-02-21,2024-03-24
341,2024-02-21,2024-05-09
341,2024-02-21,2024-05-27
341,2024-02-21,2024-07-15
341,2024-02-21,2024-07-23
342,2024-06-09,2024-06-30
342,2024-06-09,2024-08-03
342,2024-06-09,2024-08-21
342,2024-06-09,2024-09-19
342,2024-06-09,2024-10-31
343,2024-04-16,2024-04-19
343,2024-04-16,2024-05-25
343,2024-04-16,2024-06-26
343,2024-04-16,2024-07-17
343,2024-04-16,2024-08-26
344,2024-06-27,2024-07-06
344,2024-06-27,2024-08-21
344,2024-06-27,2024-09-06
344,2024-06-27,2024-09-27
344,2024-06-27,2024-11-14
345,2024-03-05,2024-03-28
345,2024-03-05,2024-04-09
345,2024-03-05,2024-05-21
346,2024-04-18,2024-04-21
346,2024-04-18,2024-06-12
346,2024-04-18,2024-07-11
346,2024-04-18,2024-07-30
347,2024-01-16,2024-02-09
347,2024-01-16,2024-03-11
347,2024-01-16,2024-04-02
348,2024-01-17,2024-02-09
348,2024-01-17,2024-02-29
348,2024-01-17,2024-03-19
348,2024-01-17,2024-05-07
349,2024-06-24,2024-07-18
349,2024-06-24,2024-08-20
349,2024-06-24,2024-09-07
349,2024-06-24,2024-10-20
349,2024-06-24,2024-10-29
350,2024-05-01,2024-05-28
350,2024-05-01,2024-06-14
350,2024-05-01,2024-07-06
350,2024-05-01,2024-08-26
350,2024-05-01,2024-09-22
351,2024-05-19,2024-06-12
351,2024-05-19,2024-07-02
351,2024-05-19,2024-08-07
352,2024-05-24,2024-06-18
352,2024-05-24,2024-07-13
352,2024-05-24,2024-08-18
352,2024-05-24,2024-09-07
352,2024-05-24,2024-10-12
352,2024-05-24,2024-10-29
353,2024-02-20,2024-03-08
353,2024-02-20,2024-04-05
353,2024-02-20,2024-04-28
353,2024-02-20,2024-05-25
353,2024-02-20,2024-07-01
353,2024-02-20,2024-08-10
354,2024-02-16,2024-03-01
354,2024-02-16,2024-04-07
354,2024-02-16,2024-05-08
354,2024-02-16,2024-05-17
354,2024-02-16,2024-06-17
355,2024-06-19,2024-07-13
356,2024-01-27,2024-02-17
356,2024-01-27,2024-03-21
356,2024-01-27,2024-04-18
356,2024-01-27,2024-05-07
357,2024-02-10,2024-03-04
357,2024-02-10,2024-03-21
357,2024-02-10,2024-04-12
357,2024-02-10,2024-05-31
358,2024-06-13,2024-07-02
358,2024-06-13,2024-07-19
358,2024-06-13,2024-09-01
358,2024-06-13,2024-09-30
358,2024-06-13,2024-10-28
358,2024-06-13,2024-12-03
359,2024-03-21,2024-03-26
360,2024-01-19,2024-02-01
360,2024-01-19,2024-03-13
360,2024-01-19,2024-03-26
360,2024-01-19,2024-04-24
361,2024-06-16,2024-07-06
362,2024-03-13,2024-04-04
362,2024-03-13,2024-04-28
362,2024-03-13,2024-06-08
362,2024-03-13,2024-06-22
363,2024-01-09,2024-01-29
363,2024-01-09,2024-02-13
363,2024-01-09,2024-03-12
363,2024-01-09,2024-04-29
363,2024-01-09,2024-05-10
363,2024-01-09,2024-06-27
364,2024-01-29,2024-02-07
364,2024-01-29,2024-03-11
365,2024-01-03,2024-01-25
365,2024-01-03,2024-02-26
365,2024-01-03,2024-03-14
366,2024-05-28,2024-06-14
366,2024-05-28,2024-07-06
366,2024-05-28,2024-08-07
366,2024-05-28,2024-09-11
367,2024-06-01,2024-06-15
367,2024-06-01,2024-07-13
367,2024-06-01,2024-08-23
367,2024-06-01,2024-09-23
367,2024-06-01,2024-10-15
368,2024-02-11,2024-02-22
368,2024-02-11,2024-03-30
368,2024-02-11,2024-04-27
368,2024-02-11,2024-05-16
368,2024-02-11,2024-06-15
369,2024-01-31,2024-02-13
369,2024-01-31,2024-03-06
370,2024-03-20,2024-04-16
370,2024-03-20,2024-05-03
370,2024-03-20,2024-06-10
370,2024-03-20,2024-06-25
370,2024-03-20,2024-07-20
370,2024-03-20,2024-09-04
371,2024-06-16,2024-07-05
372,2024-02-18,2024-02-21
372,2024-02-18,2024-03-27
372,2024-02-18,2024-05-14
372,2024-02-18,2024-05-27
372,2024-02-18,2024-06-21
373,2024-01-14,2024-01-19
373,2024-01-14,2024-02-16
373,2024-01-14,2024-04-09
374,2024-05-03,2024-05-21
374,2024-05-03,2024-06-03
375,2024-01-13,2024-01-15
375,2024-01-13,2024-03-11
375,2024-01-13,2024-04-07
375,2024-01-13,2024-05-10
376,2024-04-18,2024-04-30
376,2024-04-18,2024-06-14
376,2024-04-18,2024-06-22
376,2024-04-18,2024-08-05
377,2024-04-30,2024-05-19
377,2024-04-30,2024-06-16
377,2024-04-30,2024-07-18
377,2024-04-30,2024-08-10
377,2024-04-30,2024-09-12
377,2024-04-30,2024-09-30
378,2024-03-07,2024-03-31
378,2024-03-07,2024-05-01
378,2024-03-07,2024-05-14
378,2024-03-07,2024-06-12
379,2024-05-02,2024-05-24
379,2024-05-02,2024-06-06
379,2024-05-02,2024-07-16
379,2024-05-02,2024-08-26
379,2024-05-02,2024-09-08
380,2024-01-12,2024-02-03
380,2024-01-12,2024-02-13
380,2024-01-12,2024-03-19
380,2024-01-12,2024-04-15
380,2024-01-12,2024-05-31
381,2024-04-11,2024-04-17
382,2024-05-10,2024-06-02
382,2024-05-10,2024-06-17
382,2024-05-10,2024-07-20
383,2024-03-10,2024-03-28
383,2024-03-10,2024-04-12
383,2024-03-10,2024-05-15
383,2024-03-10,2024-06-22
383,2024-03-10,2024-07-22
383,2024-03-10,2024-08-24
384,2024-02-27,2024-03-04
384,2024-02-27,2024-04-18
384,2024-02-27,2024-05-12
384,2024-02-27,2024-06-08
385,2024-04-29,2024-05-16
385,2024-04-29,2024-06-14
385,2024-04-29,2024-07-04
386,2024-02-29,2024-02-29
386,2024-02-29,2024-04-25
386,2024-02-29,2024-05-06
386,2024-02-29,2024-06-13
386,2024-02-29,2024-07-20
387,2024-06-30,2024-07-26
387,2024-06-30,2024-08-22
387,2024-06-30,2024-09-10
387,2024-06-30,2024-10-27
387,2024-06-30,2024-11-10
388,2024-03-12,2024-03-21
389,2024-04-02,2024-04-17
389,2024-04-02,2024-05-15
389,2024-04-02,2024-06-17
389,2024-04-02,2024-07-03
389,2024-04-02,2024-08-05
390,2024-03-25,2024-04-17
390,2024-03-25,2024-04-28
390,2024-03-25,2024-05-26
390,2024-03-25,2024-06-29
391,2024-04-01,2024-04-03
391,2024-04-01,2024-05-06
391,2024-04-01,2024-06-14
391,2024-04-01,2024-07-15
392,2024-03-23,2024-04-04
392,2024-03-23,2024-05-07
393,2024-05-03,2024-05-22
394,2024-02-12,2024-02-19
394,2024-02-12,2024-03-20
394,2024-02-12,2024-04-26
394,2024-02-12,2024-05-15
394,2024-02-12,2024-06-14
394,2024-02-12,2024-07-16
395,2024-01-24,2024-02-14
395,2024-01-24,2024-02-29
395,2024-01-24,2024-04-14
395,2024-01-24,2024-05-12
395,2024-01-24,2024-05-28
396,2024-02-14,2024-03-07
396,2024-02-14,2024-04-04
397,2024-02-18,2024-02-28
398,2024-03-13,2024-03-25
398,2024-03-13,2024-04-28
398,2024-03-13,2024-06-02
398,2024-03-13,2024-06-18
399,2024-05-19,2024-05-28
399,2024-05-19,2024-07-13
399,2024-05-19,2024-07-27
400,2024-02-13,2024-02-24
400,2024-02-13,2024-04-07
400,2024-02-13,2024-04-27
400,2024-02-13,2024-05-27
400,2024-02-13,2024-06-23
400,2024-02-13,2024-07-17
401,2024-05-29,2024-06-13
401,2024-05-29,2024-07-21
402,2024-06-16,2024-07-12
402,2024-06-16,2024-07-31
402,2024-06-16,2024-08-19
403,2024-05-07,2024-05-23
403,2024-05-07,2024-06-28
403,2024-05-07,2024-07-23
403,2024-05-07,2024-08-21
403,2024-05-07,2024-10-04
404,2024-03-27,2024-04-08
404,2024-03-27,2024-05-08
404,2024-03-27,2024-06-09
405,2024-03-12,2024-03-19
405,2024-03-12,2024-04-17
405,2024-03-12,2024-05-18
405,2024-03-12,2024-06-27
406,2024-06-11,2024-06-14
406,2024-06-11,2024-08-01
406,2024-06-11,2024-08-26
406,2024-06-11,2024-09-16
406,2024-06-11,2024-10-29
407,2024-05-01,2024-05-27
407,2024-05-01,2024-06-13
407,2024-05-01,2024-07-25
407,2024-05-01,2024-08-11
408,2024-04-24,2024-05-13
408,2024-04-24,2024-06-16
408,2024-04-24,2024-07-05
408,2024-04-24,2024-08-20
408,2024-04-24,2024-08-27
408,2024-04-24,2024-10-02
409,2024-03-05,2024-03-19
409,2024-03-05,2024-04-24
409,2024-03-05,2024-05-12
409,2024-03-05,2024-06-14
410,2024-04-08,2024-04-29
410,2024-04-08,2024-05-26
410,2024-04-08,2024-06-22
410,2024-04-08,2024-08-04
411,2024-04-28,2024-04-28
411,2024-04-28,2024-06-14
412,2024-03-06,2024-03-22
412,2024-03-06,2024-04-30
412,2024-03-06,2024-05-24
412,2024-03-06,2024-06-23
412,2024-03-06,2024-07-22
413,2024-01-16,2024-02-08
413,2024-01-16,2024-02-29
413,2024-01-16,2024-04-04
414,2024-03-03,2024-03-05
414,2024-03-03,2024-04-18
415,2024-05-29,2024-06-18
416,2024-06-07,2024-06-28
416,2024-06-07,2024-07-09
416,2024-06-07,2024-08-17
417,2024-05-28,2024-06-01
417,2024-05-28,2024-07-04
417,2024-05-28,2024-07-29
418,2024-01-15,2024-01-15
418,2024-01-15,2024-02-18
418,2024-01-15,2024-03-17
418,2024-01-15,2024-04-24
419,2024-03-02,2024-03-25
419,2024-03-02,2024-04-27
420,2024-03-16,2024-04-04
420,2024-03-16,2024-05-07
421,2024-04-05,2024-05-02
421,2024-04-05,2024-05-08
421,2024-04-05,2024-06-11
421,2024-04-05,2024-08-01
421,2024-04-05,2024-08-10
421,2024-04-05,2024-09-22
422,2024-02-10,2024-02-24
422,2024-02-10,2024-03-21
423,2024-02-17,2024-03-14
424,2024-02-25,2024-03-04
424,2024-02-25,2024-04-03
424,2024-02-25,2024-05-07
424,2024-02-25,2024-06-12
424,2024-02-25,2024-07-20
424,2024-02-25,2024-08-07
425,2024-05-31,2024-06-21
425,2024-05-31,2024-07-13
426,2024-03-25,2024-04-03
426,2024-03-25,2024-05-14
426,2024-03-25,2024-06-09
426,2024-03-25,2024-07-10
426,2024-03-25,2024-08-16
426,2024-03-25,2024-09-03
427,2024-04-27,2024-05-16
427,2024-04-27,2024-06-12
427,2024-04-27,2024-07-22
428,2024-06-01,2024-06-07
428,2024-06-01,2024-07-01
428,2024-06-01,2024-08-25
428,2024-06-01,2024-09-06
428,2024-06-01,2024-10-12
429,2024-05-18,2024-06-11
429,2024-05-18,2024-06-24
430,2024-03-30,2024-04-06
430,2024-03-30,2024-05-23
430,2024-03-30,2024-06-05
430,2024-03-30,2024-07-27
430,2024-03-30,2024-08-23
431,2024-05-29,2024-05-31
431,2024-05-29,2024-07-15
431,2024-05-29,2024-08-14
431,2024-05-29,2024-09-23
431,2024-05-29,2024-10-17
431,2024-05-29,2024-10-31
432,2024-03-13,2024-03-22
432,2024-03-13,2024-04-15
432,2024-03-13,2024-05-25
432,2024-03-13,2024-06-13
433,2024-05-09,2024-05-13
434,2024-05-04,2024-05-27
434,2024-05-04,2024-06-08
434,2024-05-04,2024-07-18
434,2024-05-04,2024-08-25
435,2024-02-08,2024-02-28
435,2024-02-08,2024-04-01
436,2024-03-19,2024-04-14
436,2024-03-19,2024-05-11
436,2024-03-19,2024-06-11
436,2024-03-19,2024-07-12
437,2024-02-25,2024-03-08
437,2024-02-25,2024-04-05
437,2024-02-25,2024-04-25
437,2024-02-25,2024-06-19
437,2024-02-25,2024-07-13
437,2024-02-25,2024-07-25
438,2024-03-17,2024-03-24
438,2024-03-17,2024-04-22
438,2024-03-17,2024-06-08
438,2024-03-17,2024-07-08
438,2024-03-17,2024-08-11
438,2024-03-17,2024-08-20
439,2024-05-30,2024-06-03
439,2024-05-30,2024-07-20
440,2024-04-22,2024-04-22
440,2024-04-22,2024-06-05
441,2024-01-05,2024-01-19
442,2024-06-24,2024-06-30
442,2024-06-24,2024-07-24
443,2024-06-06,2024-07-02
443,2024-06-06,2024-07-28
443,2024-06-06,2024-09-01
443,2024-06-06,2024-09-14
443,2024-06-06,2024-10-15
444,2024-04-11,2024-04-27
444,2024-04-11,2024-05-18
444,2024-04-11,2024-07-05
444,2024-04-11,2024-07-27
445,2024-02-17,2024-02-23
446,2024-01-20,2024-02-03
446,2024-01-20,2024-03-18
447,2024-02-24,2024-03-08
447,2024-02-24,2024-03-28
447,2024-02-24,2024-05-09
448,2024-01-18,2024-02-12
448,2024-01-18,2024-03-12
449,2024-02-26,2024-03-04
449,2024-02-26,2024-04-14
449,2024-02-26,2024-05-20
449,2024-02-26,2024-05-29
449,2024-02-26,2024-07-01
449,2024-02-26,2024-08-22
450,2024-03-19,2024-04-09
450,2024-03-19,2024-04-27
450,2024-03-19,2024-06-02
451,2024-03-21,2024-04-15
451,2024-03-21,2024-05-16
451,2024-03-21,2024-05-23
451,2024-03-21,2024-07-10
451,2024-03-21,2024-07-21
451,2024-03-21,2024-09-14
452,2024-05-16,2024-06-02
453,2024-03-22,2024-04-01
453,2024-03-22,2024-05-15
453,2024-03-22,2024-05-23
453,2024-03-22,2024-07-17
453,2024-03-22,2024-08-11
453,2024-03-22,2024-09-18
454,2024-02-27,2024-03-01
454,2024-02-27,2024-04-12
454,2024-02-27,2024-05-10
455,2024-06-12,2024-06-13
455,2024-06-12,2024-07-18
455,2024-06-12,2024-08-13
455,2024-06-12,2024-09-24
455,2024-06-12,2024-10-31
455,2024-06-12,2024-11-30
456,2024-06-06,2024-06-21
456,2024-06-06,2024-07-28
456,2024-06-06,2024-08-16
456,2024-06-06,2024-09-19
456,2024-06-06,2024-10-19
457,2024-02-24,2024-02-25
457,2024-02-24,2024-04-03
457,2024-02-24,2024-04-29
458,2024-02-08,2024-02-11
458,2024-02-08,2024-03-24
458,2024-02-08,2024-04-20
458,2024-02-08,2024-05-23
458,2024-02-08,2024-06-26
458,2024-02-08,2024-08-02
459,2024-03-22,2024-04-11
459,2024-03-22,2024-05-18
459,2024-03-22,2024-06-18
459,2024-03-22,2024-06-29
460,2024-05-24,2024-06-04
460,2024-05-24,2024-07-12
460,2024-05-24,2024-08-19
460,2024-05-24,2024-09-13
460,2024-05-24,2024-09-26
461,2024-05-28,2024-06-13
462,2024-06-25,2024-06-26
462,2024-06-25,2024-07-27
463,2024-05-07,2024-05-25
463,2024-05-07,2024-07-03
463,2024-05-07,2024-07-11
463,2024-05-07,2024-08-16
464,2024-04-27,2024-05-19
464,2024-04-27,2024-06-06
464,2024-04-27,2024-07-09
464,2024-04-27,2024-07-30
464,2024-04-27,2024-09-09
464,2024-04-27,2024-10-17
465,2024-01-18,2024-02-04
466,2024-01-08,2024-01-24
466,2024-01-08,2024-02-23
467,2024-06-09,2024-06-15
468,2024-03-15,2024-04-08
468,2024-03-15,2024-05-01
468,2024-03-15,2024-05-19
469,2024-06-11,2024-06-19
469,2024-06-11,2024-07-28
469,2024-06-11,2024-09-01
469,2024-06-11,2024-10-01
470,2024-03-24,2024-03-25
470,2024-03-24,2024-05-19
470,2024-03-24,2024-06-07
471,2024-01-23,2024-01-31
471,2024-01-23,2024-03-09
471,2024-01-23,2024-03-30
471,2024-01-23,2024-05-03
471,2024-01-23,2024-05-24
472,2024-02-04,2024-02-18
472,2024-02-04,2024-03-24
473,2024-06-04,2024-06-27
473,2024-06-04,2024-07-04
473,2024-06-04,2024-08-22
473,2024-06-04,2024-09-08
474,2024-03-09,2024-03-20
475,2024-04-25,2024-04-29
475,2024-04-25,2024-05-30
475,2024-04-25,2024-07-18
476,2024-04-26,2024-04-27
476,2024-04-26,2024-06-21
476,2024-04-26,2024-06-29
476,2024-04-26,2024-08-18
476,2024-04-26,2024-09-03
476,2024-04-26,2024-10-16
477,2024-06-08,2024-06-11
478,2024-02-12,2024-02-13
479,2024-03-01,2024-03-07
479,2024-03-01,2024-04-08
480,2024-06-11,2024-07-06
480,2024-06-11,2024-07-12
480,2024-06-11,2024-08-12
480,2024-06-11,2024-09-30
480,2024-06-11,2024-10-25
480,2024-06-11,2024-12-02
481,2024-06-15,2024-06-26
481,2024-06-15,2024-08-05
481,2024-06-15,2024-09-03
482,2024-06-30,2024-07-27
482,2024-06-30,2024-08-04
482,2024-06-30,2024-09-23
482,2024-06-30,2024-10-05
482,2024-06-30,2024-11-02
483,2024-05-05,2024-05-05
483,2024-05-05,2024-06-14
483,2024-05-05,2024-07-17
483,2024-05-05,2024-08-24
483,2024-05-05,2024-09-19
483,2024-05-05,2024-10-05
484,2024-03-10,2024-03-20
485,2024-05-20,2024-05-30
485,2024-05-20,2024-06-28
485,2024-05-20,2024-08-07
485,2024-05-20,2024-09-04
485,2024-05-20,2024-09-28
485,2024-05-20,2024-10-22
486,2024-05-27,2024-05-29
486,2024-05-27,2024-07-04
486,2024-05-27,2024-08-08
487,2024-01-29,2024-01-29
488,2024-06-29,2024-07-04
488,2024-06-29,2024-08-07
488,2024-06-29,2024-08-31
488,2024-06-29,2024-10-10
488,2024-06-29,2024-11-18
489,2024-05-14,2024-06-09
489,2024-05-14,2024-06-22
489,2024-05-14,2024-08-09
490,2024-02-02,2024-02-06
490,2024-02-02,2024-03-08
490,2024-02-02,2024-04-23
490,2024-02-02,2024-05-18
490,2024-02-02,2024-06-07
491,2024-03-26,2024-03-27
492,2024-02-02,2024-02-12
492,2024-02-02,2024-03-09
493,2024-01-14,2024-01-15
493,2024-01-14,2024-03-09
494,2024-03-13,2024-03-14
494,2024-03-13,2024-05-10
494,2024-03-13,2024-05-22
494,2024-03-13,2024-06-22
495,2024-03-28,2024-03-30
495,2024-03-28,2024-05-16
495,2024-03-28,2024-06-20
495,2024-03-28,2024-07-16
496,2024-04-22,2024-05-12
496,2024-04-22,2024-06-16
496,2024-04-22,2024-07-02
496,2024-04-22,2024-07-25
496,2024-04-22,2024-09-06
496,2024-04-22,2024-09-24
497,2024-02-18,2024-02-26
497,2024-02-18,2024-03-21
497,2024-02-18,2024-04-28
497,2024-02-18,2024-06-05
497,2024-02-18,2024-07-15
498,2024-06-29,2024-07-24
498,2024-06-29,2024-08-11
498,2024-06-29,2024-09-02
499,2024-06-06,2024-06-26
499,2024-06-06,2024-07-25
499,2024-06-06,2024-08-18
500,2024-02-18,2024-03-14
500,2024-02-18,2024-04-05
500,2024-02-18,2024-04-23
500,2024-02-18,2024-05-18
500,2024-02-18,2024-07-07
500,2024-02-18,2024-07-19
501,2024-02-19,2024-02-27
501,2024-02-19,2024-04-08
501,2024-02-19,2024-04-21
501,2024-02-19,2024-05-23
501,2024-02-19,2024-07-16
501,2024-02-19,2024-08-01
502,2024-02-23,2024-03-06
502,2024-02-23,2024-03-26
502,2024-02-23,2024-05-13
502,2024-02-23,2024-06-18
503,2024-01-19,2024-01-30
503,2024-01-19,2024-03-04
503,2024-01-19,2024-04-15
504,2024-04-30,2024-05-24
505,2024-05-19,2024-05-30
505,2024-05-19,2024-07-09
506,2024-03-05,2024-03-19
506,2024-03-05,2024-04-11
506,2024-03-05,2024-05-26
506,2024-03-05,2024-06-27
506,2024-03-05,2024-07-23
507,2024-01-05,2024-02-01
507,2024-01-05,2024-02-08
507,2024-01-05,2024-03-17
507,2024-01-05,2024-04-16
507,2024-01-05,2024-05-10
508,2024-04-16,2024-04-19
508,2024-04-16,2024-05-18
508,2024-04-16,2024-06-18
508,2024-04-16,2024-08-01
508,2024-04-16,2024-08-24
508,2024-04-16,2024-09-16
509,2024-02-17,2024-02-19
509,2024-02-17,2024-03-20
509,2024-02-17,2024-04-30
510,2024-04-24,2024-05-13
510,2024-04-24,2024-05-29
510,2024-04-24,2024-07-06
510,2024-04-24,2024-08-08
510,2024-04-24,2024-09-06
511,2024-01-28,2024-02-11
511,2024-01-28,2024-03-11
511,2024-01-28,2024-04-10
512,2024-01-29,2024-02-10
513,2024-06-05,2024-06-09
514,2024-03-27,2024-04-08
514,2024-03-27,2024-05-17
514,2024-03-27,2024-06-05
515,2024-04-15,2024-04-22
515,2024-04-15,2024-06-04
515,2024-04-15,2024-06-29
515,2024-04-15,2024-07-23
516,2024-02-14,2024-03-08
517,2024-03-24,2024-04-03
518,2024-01-02,2024-01-10
519,2024-02-27,2024-02-28
519,2024-02-27,2024-04-15
519,2024-02-27,2024-05-20
519,2024-02-27,2024-05-27
520,2024-04-22,2024-05-08
520,2024-04-22,2024-05-25
521,2024-06-01,2024-06-26
521,2024-06-01,2024-07-18
521,2024-06-01,2024-08-13
522,2024-02-05,2024-02-05
523,2024-03-23,2024-04-17
523,2024-03-23,2024-05-08
524,2024-03-17,2024-03-19
524,2024-03-17,2024-05-11
524,2024-03-17,2024-05-18
524,2024-03-17,2024-06-25
525,2024-01-11,2024-01-14
525,2024-01-11,2024-02-12
525,2024-01-11,2024-03-11
525,2024-01-11,2024-04-30
526,2024-03-01,2024-03-08
526,2024-03-01,2024-04-04
526,2024-03-01,2024-05-13
526,2024-03-01,2024-06-10
527,2024-01-01,2024-01-15
527,2024-01-01,2024-02-14
527,2024-01-01,2024-03-03
527,2024-01-01,2024-04-26
528,2024-01-24,2024-02-09
528,2024-01-24,2024-03-08
528,2024-01-24,2024-04-07
528,2024-01-24,2024-05-17
528,2024-01-24,2024-06-16
528,2024-01-24,2024-06-30
529,2024-01-27,2024-02-19
530,2024-03-04,2024-03-08
530,2024-03-04,2024-04-21
530,2024-03-04,2024-05-06
530,2024-03-04,2024-06-06
530,2024-03-04,2024-07-15
530,2024-03-04,2024-08-06
531,2024-01-04,2024-01-06
532,2024-02-16,2024-03-04
532,2024-02-16,2024-03-22
532,2024-02-16,2024-05-03
533,2024-01-12,2024-01-28
533,2024-01-12,2024-03-07
533,2024-01-12,2024-03-23
533,2024-01-12,2024-05-07
533,2024-01-12,2024-06-01
534,2024-06-10,2024-06-18
534,2024-06-10,2024-07-14
534,2024-06-10,2024-09-03
535,2024-03-03,2024-03-05
536,2024-06-21,2024-07-07
536,2024-06-21,2024-08-16
536,2024-06-21,2024-09-11
536,2024-06-21,2024-09-24
536,2024-06-21,2024-10-23
536,2024-06-21,2024-12-12
537,2024-05-19,2024-05-31
537,2024-05-19,2024-06-21
537,2024-05-19,2024-08-06
537,2024-05-19,2024-09-05
538,2024-05-30,2024-06-25
538,2024-05-30,2024-07-15
538,2024-05-30,2024-08-14
538,2024-05-30,2024-09-16
538,2024-05-30,2024-10-22
538,2024-05-30,2024-11-07
539,2024-06-08,2024-06-17
539,2024-06-08,2024-07-25
539,2024-06-08,2024-09-01
539,2024-06-08,2024-09-27
539,2024-06-08,2024-10-11
540,2024-06-30,2024-07-22
540,2024-06-30,2024-07-31
540,2024-06-30,2024-09-24
540,2024-06-30,2024-09-30
541,2024-04-30,2024-05-26
541,2024-04-30,2024-06-07
541,2024-04-30,2024-07-26
541,2024-04-30,2024-08-15
541,2024-04-30,2024-09-01
542,2024-03-20,2024-04-15
543,2024-01-22,2024-02-10
543,2024-01-22,2024-03-20
543,2024-01-22,2024-04-04
543,2024-01-22,2024-05-16
544,2024-06-04,2024-06-27
544,2024-06-04,2024-07-27
544,2024-06-04,2024-08-08
545,2024-02-09,2024-02-21
545,2024-02-09,2024-03-31
545,2024-02-09,2024-04-27
545,2024-02-09,2024-05-16
545,2024-02-09,2024-06-19
545,2024-02-09,2024-08-04
546,2024-03-31,2024-04-21
546,2024-03-31,2024-05-21
546,2024-03-31,2024-06-20
546,2024-03-31,2024-07-11
546,2024-03-31,2024-08-16
547,2024-03-14,2024-03-26
547,2024-03-14,2024-04-22
548,2024-03-25,2024-04-17
548,2024-03-25,2024-05-14
549,2024-04-16,2024-05-11
549,2024-04-16,2024-05-27
550,2024-06-14,2024-06-21
551,2024-02-11,2024-02-23
551,2024-02-11,2024-03-19
552,2024-06-28,2024-07-05
553,2024-05-21,2024-06-11
553,2024-05-21,2024-07-17
554,2024-03-10,2024-03-10
554,2024-03-10,2024-05-07
554,2024-03-10,2024-05-29
554,2024-03-10,2024-07-01
554,2024-03-10,2024-07-15
555,2024-01-16,2024-01-24
555,2024-01-16,2024-03-14
555,2024-01-16,2024-04-06
555,2024-01-16,2024-04-17
556,2024-06-22,2024-06-29
556,2024-06-22,2024-08-12
556,2024-06-22,2024-09-16
556,2024-06-22,2024-09-27
556,2024-06-22,2024-11-01
556,2024-06-22,2024-12-06
557,2024-06-03,2024-06-10
557,2024-06-03,2024-07-26
557,2024-06-03,2024-08-04
557,2024-06-03,2024-09-25
558,2024-01-15,2024-01-28
558,2024-01-15,2024-03-04
559,2024-05-10,2024-05-29
559,2024-05-10,2024-07-02
559,2024-05-10,2024-08-02
560,2024-01-23,2024-01-25
560,2024-01-23,2024-03-17
561,2024-02-24,2024-03-04
561,2024-02-24,2024-04-19
561,2024-02-24,2024-05-14
561,2024-02-24,2024-05-25
561,2024-02-24,2024-06-30
562,2024-02-08,2024-02-29
562,2024-02-08,2024-03-26
562,2024-02-08,2024-04-22
562,2024-02-08,2024-05-29
562,2024-02-08,2024-06-29
562,2024-02-08,2024-07-24
563,2024-05-27,2024-06-13
563,2024-05-27,2024-07-23
564,2024-06-06,2024-06-17
564,2024-06-06,2024-07-27
564,2024-06-06,2024-08-14
564,2024-06-06,2024-09-13
564,2024-06-06,2024-10-29
565,2024-02-07,2024-03-03
565,2024-02-07,2024-03-25
565,2024-02-07,2024-04-22
565,2024-02-07,2024-05-12
565,2024-02-07,2024-07-04
565,2024-02-07,2024-07-20
566,2024-03-19,2024-04-08
566,2024-03-19,2024-04-19
566,2024-03-19,2024-05-28
566,2024-03-19,2024-07-04
567,2024-01-07,2024-02-01
567,2024-01-07,2024-02-17
567,2024-01-07,2024-03-08
567,2024-01-07,2024-04-19
568,2024-05-28,2024-06-04
568,2024-05-28,2024-07-13
568,2024-05-28,2024-08-20
568,2024-05-28,2024-09-01
569,2024-01-26,2024-02-08
569,2024-01-26,2024-03-07
570,2024-04-22,2024-05-16
570,2024-04-22,2024-06-02
570,2024-04-22,2024-07-05
570,2024-04-22,2024-08-18
570,2024-04-22,2024-09-13
570,2024-04-22,2024-10-08
571,2024-06-06,2024-06-13
571,2024-06-06,2024-07-28
571,2024-06-06,2024-08-21
572,2024-01-19,2024-01-23
572,2024-01-19,2024-02-21
572,2024-01-19,2024-04-05
572,2024-01-19,2024-05-01
573,2024-02-19,2024-02-20
573,2024-02-19,2024-03-27
573,2024-02-19,2024-04-19
574,2024-02-22,2024-03-10
574,2024-02-22,2024-03-28
575,2024-04-28,2024-05-07
575,2024-04-28,2024-06-07
575,2024-04-28,2024-07-14
575,2024-04-28,2024-08-04
575,2024-04-28,2024-08-29
575,2024-04-28,2024-10-23
576,2024-04-12,2024-04-18
576,2024-04-12,2024-05-26
577,2024-06-01,2024-06-16
577,2024-06-01,2024-07-01
578,2024-03-06,2024-03-23
578,2024-03-06,2024-04-25
578,2024-03-06,2024-05-09
578,2024-03-06,2024-06-13
578,2024-03-06,2024-07-11
578,2024-03-06,2024-08-25
579,2024-04-19,2024-05-16
580,2024-06-13,2024-07-01
580,2024-06-13,2024-08-08
580,2024-06-13,2024-08-14
581,2024-01-29,2024-02-11
581,2024-01-29,2024-03-04
581,2024-01-29,2024-03-31
581,2024-01-29,2024-05-15
582,2024-06-20,2024-06-26
582,2024-06-20,2024-08-01
583,2024-03-06,2024-03-21
583,2024-03-06,2024-04-06
583,2024-03-06,2024-05-19
583,2024-03-06,2024-06-21
583,2024-03-06,2024-07-07
584,2024-04-18,2024-04-26
584,2024-04-18,2024-06-01
584,2024-04-18,2024-07-02
585,2024-01-12,2024-01-18
585,2024-01-12,2024-02-12
585,2024-01-12,2024-03-22
585,2024-01-12,2024-05-08
585,2024-01-12,2024-05-29
585,2024-01-12,2024-07-02
586,2024-06-30,2024-07-21
586,2024-06-30,2024-08-11
586,2024-06-30,2024-09-20
586,2024-06-30,2024-10-25
587,2024-06-26,2024-07-14
587,2024-06-26,2024-08-01
587,2024-06-26,2024-09-22
588,2024-01-25,2024-02-02
588,2024-01-25,2024-02-26
589,2024-01-04,2024-01-17
589,2024-01-04,2024-02-29
589,2024-01-04,2024-03-20
589,2024-01-04,2024-04-10
589,2024-01-04,2024-05-25
589,2024-01-04,2024-06-14
590,2024-04-29,2024-04-29
590,2024-04-29,2024-06-20
590,2024-04-29,2024-07-15
590,2024-04-29,2024-08-02
590,2024-04-29,2024-09-11
591,2024-02-11,2024-02-25
592,2024-06-02,2024-06-16
592,2024-06-02,2024-07-26
592,2024-06-02,2024-08-06
592,2024-06-02,2024-09-13
593,2024-01-25,2024-02-20
593,2024-01-25,2024-03-02
593,2024-01-25,2024-04-14
593,2024-01-25,2024-05-19
594,2024-02-29,2024-03-07
594,2024-02-29,2024-04-18
595,2024-06-06,2024-06-30
595,2024-06-06,2024-07-27
596,2024-03-29,2024-04-03
596,2024-03-29,2024-05-04
596,2024-03-29,2024-06-07
596,2024-03-29,2024-07-23
597,2024-06-11,2024-07-08
597,2024-06-11,2024-07-15
598,2024-05-21,2024-05-22
599,2024-03-20,2024-04-16
599,2024-03-20,2024-05-05
599,2024-03-20,2024-06-04
599,2024-03-20,2024-07-09
599,2024-03-20,2024-08-14
600,2024-04-22,2024-05-06
600,2024-04-22,2024-05-31
600,2024-04-22,2024-06-26
600,2024-04-22,2024-08-07
600,2024-04-22,2024-09-10
600,2024-04-22,2024-09-22
601,2024-01-05,2024-01-10
601,2024-01-05,2024-02-16
601,2024-01-05,2024-03-05
601,2024-01-05,2024-04-08
602,2024-05-15,2024-06-03
602,2024-05-15,2024-06-23
602,2024-05-15,2024-08-09
602,2024-05-15,2024-08-26
603,2024-01-11,2024-01-17
603,2024-01-11,2024-03-04
604,2024-05-29,2024-06-07
604,2024-05-29,2024-07-01
604,2024-05-29,2024-08-14
604,2024-05-29,2024-09-17
604,2024-05-29,2024-10-15
605,2024-03-13,2024-04-08
605,2024-03-13,2024-04-24
605,2024-03-13,2024-06-05
605,2024-03-13,2024-07-09
605,2024-03-13,2024-07-29
606,2024-02-28,2024-02-29
606,2024-02-28,2024-04-14
606,2024-02-28,2024-05-18
607,2024-03-04,2024-03-06
607,2024-03-04,2024-04-20
608,2024-03-20,2024-03-24
608,2024-03-20,2024-05-12
608,2024-03-20,2024-06-15
608,2024-03-20,2024-06-20
608,2024-03-20,2024-08-16
608,2024-03-20,2024-09-03
609,2024-02-09,2024-02-13
610,2024-03-28,2024-04-20
610,2024-03-28,2024-05-16
610,2024-03-28,2024-06-02
610,2024-03-28,2024-07-08
611,2024-05-19,2024-05-24
612,2024-06-07,2024-06-14
612,2024-06-07,2024-08-01
612,2024-06-07,2024-08-24
612,2024-06-07,2024-10-01
612,2024-06-07,2024-10-16
612,2024-06-07,2024-12-03
613,2024-01-14,2024-01-20
613,2024-01-14,2024-02-27
614,2024-03-13,2024-03-17
614,2024-03-13,2024-04-24
614,2024-03-13,2024-06-07
614,2024-03-13,2024-06-13
615,2024-06-22,2024-07-11
615,2024-06-22,2024-07-27
615,2024-06-22,2024-09-12
615,2024-06-22,2024-09-23
615,2024-06-22,2024-11-15
616,2024-01-13,2024-01-31
616,2024-01-13,2024-03-06
616,2024-01-13,2024-04-02
616,2024-01-13,2024-05-02
616,2024-01-13,2024-05-26
616,2024-01-13,2024-06-14
617,2024-01-11,2024-02-06
618,2024-04-30,2024-05-01
618,2024-04-30,2024-06-11
619,2024-01-30,2024-02-05
619,2024-01-30,2024-03-11
619,2024-01-30,2024-04-04
619,2024-01-30,2024-05-17
620,2024-03-19,2024-04-02
621,2024-04-02,2024-04-17
622,2024-06-02,2024-06-18
623,2024-03-27,2024-03-31
623,2024-03-27,2024-05-11
623,2024-03-27,2024-06-13
623,2024-03-27,2024-07-20
623,2024-03-27,2024-08-11
623,2024-03-27,2024-08-31
624,2024-03-06,2024-03-07
624,2024-03-06,2024-04-30
625,2024-05-04,2024-05-08
625,2024-05-04,2024-06-07
625,2024-05-04,2024-07-28
625,2024-05-04,2024-08-27
626,2024-02-08,2024-03-04
626,2024-02-08,2024-03-31
626,2024-02-08,2024-04-20
626,2024-02-08,2024-05-10
627,2024-03-06,2024-03-28
627,2024-03-06,2024-05-03
627,2024-03-06,2024-06-01
627,2024-03-06,2024-06-22
627,2024-03-06,2024-07-26
628,2024-05-06,2024-05-20
628,2024-05-06,2024-06-30
628,2024-05-06,2024-07-09
629,2024-06-24,2024-07-05
630,2024-06-27,2024-07-17
631,2024-05-24,2024-06-09
631,2024-05-24,2024-06-28
632,2024-05-08,2024-05-10
632,2024-05-08,2024-06-27
633,2024-03-05,2024-03-22
634,2024-04-07,2024-04-24
634,2024-04-07,2024-05-13
634,2024-04-07,2024-06-24
634,2024-04-07,2024-07-09
634,2024-04-07,2024-08-18
635,2024-01-12,2024-01-12
635,2024-01-12,2024-02-22
636,2024-04-26,2024-04-29
636,2024-04-26,2024-06-22
636,2024-04-26,2024-07-16
637,2024-02-01,2024-02-02
637,2024-02-01,2024-03-19
637,2024-02-01,2024-04-25
637,2024-02-01,2024-05-05
637,2024-02-01,2024-06-05
638,2024-01-08,2024-01-27
639,2024-04-11,2024-04-12
639,2024-04-11,2024-05-24
639,2024-04-11,2024-06-26
639,2024-04-11,2024-07-19
640,2024-06-05,2024-06-17
640,2024-06-05,2024-08-01
641,2024-01-01,2024-01-08
642,2024-01-26,2024-02-07
642,2024-01-26,2024-03-24
642,2024-01-26,2024-04-05
642,2024-01-26,2024-05-22
642,2024-01-26,2024-06-16
643,2024-01-28,2024-02-02
643,2024-01-28,2024-03-11
643,2024-01-28,2024-04-16
644,2024-04-05,2024-04-30
644,2024-04-05,2024-05-25
644,2024-04-05,2024-06-06
645,2024-03-14,2024-03-20
645,2024-03-14,2024-04-27
646,2024-05-06,2024-05-18
646,2024-05-06,2024-07-03
646,2024-05-06,2024-07-06
646,2024-05-06,2024-08-14
646,2024-05-06,2024-09-26
647,2024-02-13,2024-03-09
647,2024-02-13,2024-03-25
648,2024-04-26,2024-05-02
649,2024-02-26,2024-03-12
650,2024-05-17,2024-05-24
651,2024-06-11,2024-06-22
652,2024-01-28,2024-02-18
652,2024-01-28,2024-03-11
653,2024-05-01,2024-05-04
653,2024-05-01,2024-06-26
654,2024-06-06,2024-06-30
654,2024-06-06,2024-07-22
654,2024-06-06,2024-08-28
654,2024-06-06,2024-09-14
654,2024-06-06,2024-10-10
655,2024-06-29,2024-07-03
655,2024-06-29,2024-08-04
655,2024-06-29,2024-09-05
656,2024-06-15,2024-06-30
657,2024-01-17,2024-01-28
657,2024-01-17,2024-02-22
657,2024-01-17,2024-03-28
658,2024-05-19,2024-06-13
658,2024-05-19,2024-07-13
658,2024-05-19,2024-08-13
658,2024-05-19,2024-08-30
659,2024-04-18,2024-05-09
660,2024-01-25,2024-02-10
660,2024-01-25,2024-03-05
660,2024-01-25,2024-03-31
660,2024-01-25,2024-04-25
660,2024-01-25,2024-06-12
661,2024-06-25,2024-06-29
661,2024-06-25,2024-08-15
661,2024-06-25,2024-08-27
661,2024-06-25,2024-10-18
661,2024-06-25,2024-11-10
661,2024-06-25,2024-12-18
662,2024-02-12,2024-03-03
662,2024-02-12,2024-04-07
662,2024-02-12,2024-04-28
663,2024-04-11,2024-04-22
663,2024-04-11,2024-06-03
664,2024-01-23,2024-01-31
664,2024-01-23,2024-02-24
664,2024-01-23,2024-04-19
664,2024-01-23,2024-05-12
664,2024-01-23,2024-05-25
664,2024-01-23,2024-07-15
665,2024-04-05,2024-04-07
665,2024-04-05,2024-05-23
665,2024-04-05,2024-06-30
665,2024-04-05,2024-07-08
666,2024-01-29,2024-01-30
667,2024-04-04,2024-04-26
667,2024-04-04,2024-05-13
667,2024-04-04,2024-06-09
667,2024-04-04,2024-07-18
667,2024-04-04,2024-08-08
667,2024-04-04,2024-09-09
668,2024-05-03,2024-05-28
668,2024-05-03,2024-06-18
668,2024-05-03,2024-07-27
668,2024-05-03,2024-08-22
668,2024-05-03,2024-09-11
669,2024-06-01,2024-06-07
669,2024-06-01,2024-07-25
669,2024-06-01,2024-08-22
669,2024-06-01,2024-09-20
669,2024-06-01,2024-10-17
669,2024-06-01,2024-11-02
670,2024-03-09,2024-04-01
670,2024-03-09,2024-04-21
670,2024-03-09,2024-05-22
670,2024-03-09,2024-06-11
670,2024-03-09,2024-07-21
671,2024-01-21,2024-02-07
671,2024-01-21,2024-02-21
671,2024-01-21,2024-03-31
672,2024-01-14,2024-01-22
672,2024-01-14,2024-02-24
672,2024-01-14,2024-03-15
672,2024-01-14,2024-04-20
672,2024-01-14,2024-06-09
672,2024-01-14,2024-07-11
673,2024-03-03,2024-03-12
673,2024-03-03,2024-04-26
673,2024-03-03,2024-05-06
673,2024-03-03,2024-06-20
673,2024-03-03,2024-07-10
674,2024-04-12,2024-05-02
674,2024-04-12,2024-05-13
674,2024-04-12,2024-06-29
674,2024-04-12,2024-07-23
674,2024-04-12,2024-08-28
674,2024-04-12,2024-09-15
675,2024-01-07,2024-01-09
675,2024-01-07,2024-02-22
675,2024-01-07,2024-03-17
675,2024-01-07,2024-04-10
675,2024-01-07,2024-05-29
676,2024-06-26,2024-06-28
676,2024-06-26,2024-07-26
676,2024-06-26,2024-09-18
677,2024-01-05,2024-01-28
677,2024-01-05,2024-02-19
677,2024-01-05,2024-03-10
677,2024-01-05,2024-04-25
677,2024-01-05,2024-05-05
677,2024-01-05,2024-06-06
678,2024-02-27,2024-03-16
679,2024-01-09,2024-02-04
679,2024-01-09,2024-02-25
679,2024-01-09,2024-03-13
680,2024-06-15,2024-06-29
680,2024-06-15,2024-07-24
680,2024-06-15,2024-09-02
680,2024-06-15,2024-09-29
680,2024-06-15,2024-11-09
681,2024-01-31,2024-02-08
681,2024-01-31,2024-03-10
682,2024-02-21,2024-02-22
682,2024-02-21,2024-03-31
682,2024-02-21,2024-04-23
682,2024-02-21,2024-06-13
682,2024-02-21,2024-07-06
682,2024-02-21,2024-08-16
683,2024-05-28,2024-06-06
683,2024-05-28,2024-07-17
683,2024-05-28,2024-08-07
684,2024-03-21,2024-04-05
684,2024-03-21,2024-05-06
684,2024-03-21,2024-05-28
684,2024-03-21,2024-07-15
685,2024-04-16,2024-05-09
686,2024-05-01,2024-05-03
686,2024-05-01,2024-06-10
686,2024-05-01,2024-07-17
687,2024-02-21,2024-02-26
687,2024-02-21,2024-03-28
688,2024-04-13,2024-04-26
689,2024-01-10,2024-01-16
690,2024-02-08,2024-02-24
690,2024-02-08,2024-03-14
691,2024-02-26,2024-03-03
691,2024-02-26,2024-04-05
691,2024-02-26,2024-05-22
691,2024-02-26,2024-06-04
691,2024-02-26,2024-06-29
692,2024-04-12,2024-04-13
692,2024-04-12,2024-05-27
692,2024-04-12,2024-06-18
692,2024-04-12,2024-08-02
693,2024-05-04,2024-05-31
693,2024-05-04,2024-06-23
693,2024-05-04,2024-07-14
693,2024-05-04,2024-08-09
694,2024-01-13,2024-02-09
694,2024-01-13,2024-02-16
694,2024-01-13,2024-03-20
695,2024-01-17,2024-01-28
696,2024-01-08,2024-01-30
696,2024-01-08,2024-02-21
696,2024-01-08,2024-03-14
696,2024-01-08,2024-04-30
696,2024-01-08,2024-05-30
696,2024-01-08,2024-06-09
697,2024-03-29,2024-04-25
697,2024-03-29,2024-05-13
697,2024-03-29,2024-06-04
697,2024-03-29,2024-07-19
698,2024-03-17,2024-04-11
698,2024-03-17,2024-04-24
698,2024-03-17,2024-05-27
698,2024-03-17,2024-06-17
698,2024-03-17,2024-08-11
699,2024-01-22,2024-02-03
699,2024-01-22,2024-03-07
699,2024-01-22,2024-03-23
700,2024-03-19,2024-04-15
700,2024-03-19,2024-04-21
700,2024-03-19,2024-06-01
700,2024-03-19,2024-07-01
701,2024-04-21,2024-05-15
701,2024-04-21,2024-06-05
701,2024-04-21,2024-06-28
701,2024-04-21,2024-08-14
702,2024-01-11,2024-01-31
702,2024-01-11,2024-02-18
702,2024-01-11,2024-04-07
702,2024-01-11,2024-04-22
702,2024-01-11,2024-05-22
703,2024-01-20,2024-02-12
703,2024-01-20,2024-03-13
704,2024-01-03,2024-01-30
704,2024-01-03,2024-02-25
704,2024-01-03,2024-03-22
705,2024-02-29,2024-03-09
705,2024-02-29,2024-03-31
705,2024-02-29,2024-05-06
706,2024-06-23,2024-06-26
706,2024-06-23,2024-08-01
707,2024-06-21,2024-07-10
707,2024-06-21,2024-08-04
708,2024-04-23,2024-04-30
708,2024-04-23,2024-06-16
708,2024-04-23,2024-07-04
708,2024-04-23,2024-08-18
708,2024-04-23,2024-08-23
708,2024-04-23,2024-10-09
709,2024-04-08,2024-04-17
710,2024-04-08,2024-05-03
710,2024-04-08,2024-05-19
710,2024-04-08,2024-06-08
710,2024-04-08,2024-07-10
710,2024-04-08,2024-08-25
711,2024-03-31,2024-04-03
712,2024-06-22,2024-07-17
712,2024-06-22,2024-08-14
712,2024-06-22,2024-09-12
712,2024-06-22,2024-10-10
713,2024-04-30,2024-05-03
713,2024-04-30,2024-06-06
713,2024-04-30,2024-07-23
713,2024-04-30,2024-08-01
714,2024-02-04,2024-02-14
714,2024-02-04,2024-03-24
715,2024-01-18,2024-01-22
715,2024-01-18,2024-02-20
715,2024-01-18,2024-04-06
715,2024-01-18,2024-05-06
715,2024-01-18,2024-05-27
715,2024-01-18,2024-06-22
716,2024-02-02,2024-02-10
716,2024-02-02,2024-03-02
716,2024-02-02,2024-04-23
716,2024-02-02,2024-05-19
717,2024-06-12,2024-06-26
717,2024-06-12,2024-07-20
718,2024-02-21,2024-03-17
718,2024-02-21,2024-03-28
718,2024-02-21,2024-04-29
718,2024-02-21,2024-06-01
718,2024-02-21,2024-07-09
718,2024-02-21,2024-08-13
719,2024-03-03,2024-03-08
719,2024-03-03,2024-04-29
719,2024-03-03,2024-05-24
719,2024-03-03,2024-06-17
719,2024-03-03,2024-07-29
719,2024-03-03,2024-08-19
720,2024-01-03,2024-01-18
720,2024-01-03,2024-02-18
720,2024-01-03,2024-03-20
720,2024-01-03,2024-04-28
720,2024-01-03,2024-05-17
720,2024-01-03,2024-06-18
721,2024-03-20,2024-03-28
721,2024-03-20,2024-05-11
722,2024-06-07,2024-06-30
722,2024-06-07,2024-07-11
723,2024-03-10,2024-04-01
723,2024-03-10,2024-04-23
723,2024-03-10,2024-06-03
723,2024-03-10,2024-06-30
724,2024-01-01,2024-01-24
725,2024-06-13,2024-06-18
725,2024-06-13,2024-08-07
725,2024-06-13,2024-08-21
725,2024-06-13,2024-09-21
725,2024-06-13,2024-11-06
725,2024-06-13,2024-11-24
726,2024-04-01,2024-04-19
726,2024-04-01,2024-05-21
726,2024-04-01,2024-06-27
727,2024-04-10,2024-04-14
727,2024-04-10,2024-05-22
727,2024-04-10,2024-06-20
728,2024-06-06,2024-07-02
728,2024-06-06,2024-07-31
728,2024-06-06,2024-08-26
728,2024-06-06,2024-09-09
728,2024-06-06,2024-10-24
729,2024-04-30,2024-05-02
729,2024-04-30,2024-06-16
730,2024-05-18,2024-05-24
731,2024-03-20,2024-04-11
731,2024-03-20,2024-05-17
731,2024-03-20,2024-05-21
731,2024-03-20,2024-06-28
731,2024-03-20,2024-07-21
732,2024-02-27,2024-03-08
732,2024-02-27,2024-04-04
732,2024-02-27,2024-04-29
732,2024-02-27,2024-06-16
733,2024-05-15,2024-05-21
734,2024-03-07,2024-03-07
734,2024-03-07,2024-05-02
734,2024-03-07,2024-05-27
735,2024-04-13,2024-04-21
735,2024-04-13,2024-05-31
736,2024-01-10,2024-01-13
736,2024-01-10,2024-03-06
737,2024-03-05,2024-03-13
737,2024-03-05,2024-04-08
737,2024-03-05,2024-05-30
738,2024-06-20,2024-06-27
739,2024-06-08,2024-06-16
739,2024-06-08,2024-07-16
739,2024-06-08,2024-08-14
739,2024-06-08,2024-09-27
739,2024-06-08,2024-10-13
740,2024-05-24,2024-06-20
740,2024-05-24,2024-07-05
741,2024-05-22,2024-06-08
742,2024-04-24,2024-05-16
742,2024-04-24,2024-05-30
742,2024-04-24,2024-07-07
742,2024-04-24,2024-07-30
743,2024-02-13,2024-02-16
744,2024-06-02,2024-06-15
744,2024-06-02,2024-07-06
744,2024-06-02,2024-08-29
744,2024-06-02,2024-09-24
744,2024-06-02,2024-10-24
744,2024-06-02,2024-11-21
745,2024-05-09,2024-05-09
745,2024-05-09,2024-06-27
745,2024-05-09,2024-08-02
745,2024-05-09,2024-08-30
745,2024-05-09,2024-09-29
745,2024-05-09,2024-10-24
746,2024-03-18,2024-03-26
746,2024-03-18,2024-04-23
746,2024-03-18,2024-06-14
746,2024-03-18,2024-07-09
746,2024-03-18,2024-07-29
746,2024-03-18,2024-08-19
747,2024-06-28,2024-07-13
747,2024-06-28,2024-08-16
747,2024-06-28,2024-09-13
748,2024-01-01,2024-01-22
748,2024-01-01,2024-02-15
748,2024-01-01,2024-03-03
749,2024-04-23,2024-04-26
749,2024-04-23,2024-05-25
749,2024-04-23,2024-07-06
749,2024-04-23,2024-08-05
749,2024-04-23,2024-09-08
749,2024-04-23,2024-09-25
750,2024-05-07,2024-05-29
750,2024-05-07,2024-06-30
750,2024-05-07,2024-07-16
750,2024-05-07,2024-08-22
751,2024-02-15,2024-03-05
752,2024-06-03,2024-06-28
752,2024-06-03,2024-07-09
752,2024-06-03,2024-08-21
752,2024-06-03,2024-09-19
752,2024-06-03,2024-10-22
753,2024-06-04,2024-06-16
753,2024-06-04,2024-07-08
753,2024-06-04,2024-08-11
753,2024-06-04,2024-09-21
753,2024-06-04,2024-10-23
753,2024-06-04,2024-11-14
754,2024-06-25,2024-07-02
754,2024-06-25,2024-08-07
754,2024-06-25,2024-08-25
755,2024-05-08,2024-05-09
755,2024-05-08,2024-06-11
755,2024-05-08,2024-07-14
755,2024-05-08,2024-08-09
756,2024-06-17,2024-07-11
756,2024-06-17,2024-07-28
756,2024-06-17,2024-09-03
757,2024-02-26,2024-02-27
757,2024-02-26,2024-04-20
757,2024-02-26,2024-05-18
757,2024-02-26,2024-06-18
758,2024-02-21,2024-03-08
758,2024-02-21,2024-04-17
758,2024-02-21,2024-05-08
758,2024-02-21,2024-06-02
759,2024-05-19,2024-05-29
759,2024-05-19,2024-07-09
759,2024-05-19,2024-08-06
759,2024-05-19,2024-09-03
759,2024-05-19,2024-09-21
759,2024-05-19,2024-10-26
760,2024-01-01,2024-01-10
760,2024-01-01,2024-02-03
761,2024-05-16,2024-05-20
761,2024-05-16,2024-07-12
761,2024-05-16,2024-08-07
761,2024-05-16,2024-08-31
761,2024-05-16,2024-10-07
762,2024-05-07,2024-05-25
763,2024-04-02,2024-04-20
764,2024-01-25,2024-02-21
764,2024-01-25,2024-03-08
764,2024-01-25,2024-03-31
764,2024-01-25,2024-05-20
765,2024-02-02,2024-02-06
765,2024-02-02,2024-03-20
765,2024-02-02,2024-04-26
765,2024-02-02,2024-05-18
766,2024-04-07,2024-04-18
766,2024-04-07,2024-05-22
766,2024-04-07,2024-07-01
766,2024-04-07,2024-07-30
766,2024-04-07,2024-08-12
766,2024-04-07,2024-09-20
767,2024-04-21,2024-05-10
767,2024-04-21,2024-06-07
767,2024-04-21,2024-07-08
767,2024-04-21,2024-08-07
767,2024-04-21,2024-09-09
767,2024-04-21,2024-10-10
768,2024-03-30,2024-03-30
768,2024-03-30,2024-05-13
768,2024-03-30,2024-06-19
768,2024-03-30,2024-07-16
768,2024-03-30,2024-07-30
769,2024-06-26,2024-07-06
769,2024-06-26,2024-08-15
769,2024-06-26,2024-09-13
769,2024-06-26,2024-10-20
769,2024-06-26,2024-11-03
769,2024-06-26,2024-12-04
770,2024-02-14,2024-03-08
770,2024-02-14,2024-04-03
770,2024-02-14,2024-04-23
771,2024-04-08,2024-04-12
771,2024-04-08,2024-05-22
771,2024-04-08,2024-06-15
771,2024-04-08,2024-08-01
771,2024-04-08,2024-08-10
772,2024-05-21,2024-06-12
772,2024-05-21,2024-06-27
772,2024-05-21,2024-07-26
772,2024-05-21,2024-09-17
772,2024-05-21,2024-10-02
772,2024-05-21,2024-11-06
773,2024-03-26,2024-04-10
774,2024-03-29,2024-04-13
774,2024-03-29,2024-05-23
774,2024-03-29,2024-06-02
774,2024-03-29,2024-07-06
775,2024-03-22,2024-04-05
776,2024-06-26,2024-07-15
776,2024-06-26,2024-08-11
776,2024-06-26,2024-09-09
777,2024-05-27,2024-06-15
777,2024-05-27,2024-07-04
777,2024-05-27,2024-07-28
777,2024-05-27,2024-09-19
778,2024-01-13,2024-01-27
778,2024-01-13,2024-02-29
778,2024-01-13,2024-03-25
778,2024-01-13,2024-05-04
778,2024-01-13,2024-05-25
779,2024-05-29,2024-06-02
779,2024-05-29,2024-07-17
779,2024-05-29,2024-08-13
779,2024-05-29,2024-09-02
779,2024-05-29,2024-09-30
779,2024-05-29,2024-11-07
780,2024-04-07,2024-04-28
780,2024-04-07,2024-05-31
780,2024-04-07,2024-06-11
780,2024-04-07,2024-07-11
781,2024-06-09,2024-06-20
781,2024-06-09,2024-07-22
781,2024-06-09,2024-08-09
781,2024-06-09,2024-09-11
781,2024-06-09,2024-10-19
782,2024-02-27,2024-03-01
782,2024-02-27,2024-04-04
783,2024-03-02,2024-03-10
783,2024-03-02,2024-04-24
784,2024-05-07,2024-05-26
784,2024-05-07,2024-07-03
785,2024-02-01,2024-02-02
785,2024-02-01,2024-03-15
785,2024-02-01,2024-04-25
785,2024-02-01,2024-05-27
785,2024-02-01,2024-06-27
786,2024-03-06,2024-04-01
787,2024-05-07,2024-05-15
787,2024-05-07,2024-06-30
787,2024-05-07,2024-07-21
787,2024-05-07,2024-08-18
788,2024-06-21,2024-06-26
788,2024-06-21,2024-08-11
788,2024-06-21,2024-09-11
788,2024-06-21,2024-10-15
789,2024-06-18,2024-07-15
789,2024-06-18,2024-07-20
789,2024-06-18,2024-08-18
790,2024-05-21,2024-05-24
790,2024-05-21,2024-07-10
790,2024-05-21,2024-08-12
790,2024-05-21,2024-09-10
790,2024-05-21,2024-10-16
790,2024-05-21,2024-11-05
791,2024-03-11,2024-03-11
791,2024-03-11,2024-04-20
791,2024-03-11,2024-05-14
791,2024-03-11,2024-06-21
791,2024-03-11,2024-08-03
792,2024-01-09,2024-01-20
792,2024-01-09,2024-02-10
792,2024-01-09,2024-03-10
792,2024-01-09,2024-05-06
793,2024-05-02,2024-05-04
794,2024-06-30,2024-07-15
794,2024-06-30,2024-08-08
794,2024-06-30,2024-09-02
794,2024-06-30,2024-10-13
794,2024-06-30,2024-11-16
795,2024-06-19,2024-06-23
795,2024-06-19,2024-07-26
795,2024-06-19,2024-08-23
795,2024-06-19,2024-09-23
795,2024-06-19,2024-10-19
796,2024-06-12,2024-07-07
796,2024-06-12,2024-07-24
797,2024-02-04,2024-02-22
798,2024-02-15,2024-03-06
798,2024-02-15,2024-03-16
799,2024-06-10,2024-07-02
799,2024-06-10,2024-07-16
799,2024-06-10,2024-08-13
799,2024-06-10,2024-09-11
800,2024-03-16,2024-03-18
800,2024-03-16,2024-05-13
800,2024-03-16,2024-06-08
800,2024-03-16,2024-06-19
800,2024-03-16,2024-07-22
800,2024-03-16,2024-09-09
